"","name","name_match","id_match","1860-1864","1864-1866","1866-1868","1868-1871","1871-1875","1875-1879","1879-1883","1883-1884","1884-1886","1886-1887","1887-1888","1888-1891","1891-1894","1894-1897","1897-1901","1901-1905","1905-1909","1909-1913","1913-1917","1917-1918","1918-1922"
"1","Sebastiaan Hendrik Anemaet","Sebastiaan Hendrik Anemaet","00028",1,0,0,0,0,0,0,0,0,0,0,0,0,0,0,0,0,0,0,0,0
"2","Sybrand van Beyma thoe Kingma","Sybrand Hingst","00583",1,1,1,1,1,0,0,0,0,0,0,0,0,0,0,0,0,0,0,0,0
"3","Carolus Cornelius Aloysius Beens","Carolus Cornelius Aloysius Beens","00078",1,1,1,0,0,0,0,0,0,0,0,0,0,0,0,0,0,0,0,0,0
"4","Dirk van Akerlaken","Dirk Akerlaken","00009",0,0,0,1,1,0,0,0,0,0,0,0,0,0,0,0,0,0,0,0,0
"5","Willem Adriaan Bergsma","Willem Adriaan Bergsma","00102",0,0,0,0,1,1,1,1,0,0,0,0,0,0,0,0,0,0,0,0,0
"6","Willem Hendrik de Beaufort ","Willem Hendrik Beaufort","00071",0,0,0,0,0,1,1,0,1,1,1,1,1,1,1,0,1,1,1,1,0
"7","Philippus van Blom","Philippus Blom","00132",0,1,1,1,0,0,1,1,1,0,0,0,0,0,0,0,0,0,0,0,0
"8","Eilard Jacobus Attema","Eilard Jacobus Attema","00044",0,0,0,0,0,0,0,0,1,0,0,0,0,0,0,0,0,0,0,0,0
"9","Jacob Willem Gustaaf Booreel van Hogelanden","Jacob Willem Gustaaf Boreel van Hogelanden","00164",0,0,0,0,0,0,0,0,0,0,0,1,1,0,0,0,0,0,0,0,0
"10","Abraham Bouman","Abraham Bouman","00188",0,0,0,0,0,0,0,0,0,0,0,0,0,1,1,0,0,0,0,0,0
"11","Klaas de Boer Czn.","Klaas Boer","00144",0,0,0,0,0,0,0,0,0,0,0,0,0,1,1,1,1,0,0,0,0
"12","Jean Arnoldts","Jan Stolk","01311",0,0,0,0,0,0,0,0,0,0,0,0,0,0,0,1,0,0,0,0,0
"13","Piet Aalberse ","Pieter Foreest","00417",0,0,0,0,0,0,0,0,0,0,0,0,0,0,0,1,1,1,1,0,0
"14","Antoine Arts","Antoine Plate","01036",0,0,0,0,0,0,0,0,0,0,0,0,0,0,0,1,1,1,1,1,1
"15","Warnardus Cornelis Mathildus Begram","Warnardus Cornelis Mathildus Begram","00082",1,1,1,1,1,1,0,0,0,0,0,0,0,0,0,0,0,0,0,0,0
"16","Johannes Baptista Bots","Johannes Baptista Bots","00186",1,1,1,1,1,0,0,0,0,0,0,0,0,0,0,0,0,0,0,0,0
"17","Jan Hendrik Arnoldts","Jan Hendrik Arnoldts","00031",0,0,0,1,1,1,1,0,0,0,0,0,0,0,0,0,0,0,0,0,0
"18","Titus van Asch van Wijck","Titus Anthony Jacob Asch van Wijck","00042",0,0,0,0,0,0,1,1,1,1,1,1,0,0,0,0,0,0,0,0,0
"19","Jan van Alphen","Jan Alphen","00019",0,0,0,0,0,0,0,0,1,1,1,1,1,1,1,1,1,0,0,0,0
"20","Bernardus Marie Bahlmann","Bernardus Marie Bahlmann","00057",0,0,0,0,0,0,1,1,1,1,1,1,1,1,1,0,0,0,0,0,0
"21","Samuel van den Bergh","Samuel Bergh","00097",0,0,0,0,0,0,0,0,0,0,0,0,0,0,0,0,1,0,0,0,0
"22","Hubert van Asch van Wijck","Hubert Willem Asch van Wijck","00039",0,0,0,0,0,0,0,0,0,0,0,0,0,0,0,1,1,1,0,0,0
"23","Willem Dolk","Willem Dolk","00325",0,0,0,0,0,0,0,0,0,0,0,0,0,0,0,1,1,1,1,0,0
"24","Willem Theodorus Cornelis van Doorn","Willem Theodoor Cornelis Doorn","00337",0,0,0,0,0,0,0,0,0,0,0,0,0,0,0,0,0,0,0,1,0
"25","Willem Albarda ","Willem Kaay","00666",0,0,0,0,0,0,0,0,0,0,0,0,0,0,0,0,0,0,1,1,1
"26","Gerardus Henri Betz","Gerardus Henri Betz","00105",1,0,0,0,0,0,0,0,0,0,0,0,0,0,0,0,0,0,0,0,0
"27","Jouwert Andreae","Jouwert Andreae","00023",0,1,1,0,0,0,0,0,0,0,0,0,0,0,0,0,0,0,0,0,0
"28","Charles Antoine de Bieberstein Rogalla Zawadsky","Charles Antoine Bieberstein Rogalla Zawadsky","00113",1,1,1,1,1,1,1,0,0,0,0,0,0,0,0,0,0,0,0,0,0
"29","Matthias Margarethus van Asch van Wijck","Matthias Margarethus Asch van Wijck","00041",0,0,0,0,1,1,1,0,0,0,0,0,0,0,0,0,0,0,0,0,0
"30","Antonius van Baar","Antoine Plate","01036",0,0,0,0,1,1,1,1,1,1,1,1,0,0,0,0,0,0,0,0,0
"31","Egbertus Johannes Beumer","Egbertus Johannes Beumer","00106",0,0,0,0,0,0,0,0,0,0,0,0,0,0,0,0,0,0,1,1,1
"32","Schelto van Heemstra ","Schelto Heemstra","00542",1,1,0,0,0,0,0,0,0,0,0,0,0,0,1,1,1,1,0,0,0
"33","Willem Maurits de Brauw ","Willem Maurits Brauw","00201",1,1,1,1,1,0,0,0,0,0,0,0,0,0,0,0,0,0,0,0,0
"34","Ferdinand Hendrik Hubert Borret","Ferdinandus Hendricus Hubertus Borret","00168",0,0,0,1,1,1,1,1,1,1,1,0,0,0,0,0,0,0,0,0,0
"35","Jacob Leonard de Bruyn Kops","Jacob Leonard Bruijn Kops","00232",0,0,0,1,1,1,1,1,1,1,0,0,0,0,0,0,0,0,0,0,0
"36","Age Buma","Age Buma","00239",0,0,0,0,0,0,1,1,1,1,1,0,0,0,0,0,0,0,0,0,0
"37","Arnoldus Hyacinthus Maria van Berckel","Arnoldus Hyacinthus Maria Berckel","00089",0,0,0,0,0,0,0,1,1,1,1,1,1,1,0,0,0,0,0,0,0
"38","Dirk Bos","Dirk Bos","00175",0,0,0,0,0,0,0,0,0,0,0,0,0,0,0,1,1,1,1,0,0
"39","Zadok van den Bergh","Zadok Bergh","00099",0,0,0,0,0,0,0,0,0,0,0,0,0,0,0,0,1,0,0,0,0
"40","Jan Ankerman ","Jan Ankerman","00029",0,0,0,0,0,0,0,0,0,0,0,0,0,0,0,0,0,1,1,1,1
"41","Jouke Bakker","Jouke Annes Bakker","00059",0,0,0,0,0,0,0,0,0,0,0,0,0,0,0,0,0,0,0,0,1
"42","Pieter Blussé van Oud-Alblas","Pieter Blussé van Oud-Alblas","00138",1,1,1,1,1,1,1,1,1,1,0,0,0,0,0,0,0,0,0,0,0
"43","Hubert Alexander Maurits van Asch van Wijck ","Hubert Alexander Maurits Asch van Wijck","00037",1,1,1,0,0,0,0,0,0,0,0,0,0,0,0,0,0,0,0,0,0
"44","Jeronimo de Bosch Kemper","Jeronimo Bosch Kemper","00178",0,0,0,1,0,0,0,0,0,0,0,0,0,0,0,0,0,0,0,0,0
"45","Jacob Nicolaas Bastert","Jacob Nicolaas Bastert","00066",0,0,0,0,0,1,1,1,0,0,0,0,0,1,1,0,0,0,0,0,0
"46","François de Casembroot","François Casembroot","00255",0,0,1,1,1,1,1,0,0,0,0,0,0,0,0,0,0,0,0,0,0
"47","Jan Reijnaud Corver Hooft","Jan Reijnaud Corver Hooft","00273",0,0,0,0,0,1,1,1,1,1,0,0,0,0,0,0,0,0,0,0,0
"48","Herman Agatho des Amorie van der Hoeven","Herman Agatho Amorie van der Hoeven","00022",0,0,0,0,0,1,1,1,1,0,0,0,0,0,0,0,0,0,0,0,0
"49","Pierre Louis François Blussé","Pierre Louis François Blussé","00137",0,0,0,0,0,0,0,0,0,0,1,0,0,0,0,0,0,0,0,0,0
"50","Hugo van Gijn","Anton Gijn","00499",0,0,0,0,0,0,0,0,0,0,0,1,1,1,1,1,1,0,0,0,0
"51","Carel Jan Emilius van Bylandt","Carel Jan Emilius Bylandt","00243",0,0,0,0,0,0,0,0,0,0,0,0,0,1,1,0,0,0,0,0,0
"52","Jan Frederik Willem Conrad","Jan Frederik Willem Conrad","00264",0,0,0,0,0,0,0,0,0,0,0,0,1,1,1,1,0,0,0,0,0
"53","Willem Theodoor Cornelis van Doorn","Willem Theodoor Cornelis Doorn","00337",0,0,0,0,0,0,0,0,0,0,0,0,0,0,0,0,1,1,1,0,1
"54","Carel Marius Storm van 's-Gravesande","Carel Marius Storm van 's-Gravesande","01316",1,1,1,1,1,1,0,0,0,0,0,0,0,0,0,0,0,0,0,0,0
"55","Jan Willem van Loon","Jan Willem Loon","00841",0,0,0,1,1,1,0,0,0,0,0,0,0,0,0,0,0,0,0,0,0
"56","Pieter Johannes Gesinus van Diggelen","Pieter Johannes Gesinus Diggelen","00314",0,0,0,0,0,0,0,0,0,1,1,0,0,0,0,0,0,0,0,0,0
"57","Rutger Jan Schimmelpenninck van Nijenhuis","Rutger Jan Schimmelpenninck van Nijenhuis","01202",1,1,0,0,1,1,1,1,1,0,0,1,0,0,0,0,0,0,0,0,0
"58","Boelo Tijdens","Berend Wichers","01539",0,0,0,0,0,0,0,0,0,0,0,0,1,1,1,0,0,0,0,0,0
"59","Frederik van Bylandt","Hendrik Jan Smidt","01272",0,0,0,0,0,0,1,1,1,1,1,1,1,1,1,1,1,1,1,0,0
"60","Jan Duijs","Jan Zijp","01613",0,0,0,0,0,0,0,0,0,0,0,0,0,0,0,0,0,1,1,1,1
"61","Eeltjo van Beresteyn","Eltjo Aldegondus Beresteyn","00090",0,0,0,0,0,0,0,0,0,0,0,0,0,0,0,0,0,0,1,1,1
"62","Isaäc Theodorus ter Bruggen Hugenholtz","Isaäc Theodorus Ter Bruggen Hugenholtz","00222",1,1,0,0,0,0,0,0,0,0,0,0,0,0,0,0,0,0,0,0,0
"63","Pieter Lodewijk de Lom de Berg","Pieter Lodewijk Lom de Berg","00839",1,1,1,0,0,0,0,0,0,0,0,0,0,0,0,0,0,0,0,0,0
"64","Jan Willem Gefken","Jan Willem Gefken","00440",0,0,0,1,0,0,0,0,0,0,0,0,0,0,0,0,0,0,0,0,0
"65","Herman Cornelis Verniers van der Loeff","Herman Cornelis Verniers van der Loeff","01424",0,0,0,0,0,1,0,1,1,1,1,1,0,0,0,0,0,0,0,0,0
"66","Rutger Alexander Wilhelm Sluiter","Rutger Alexander Wilhelm Sluiter","01266",0,0,0,0,0,0,0,0,1,0,0,0,0,0,0,0,0,0,0,0,0
"67","Ferdinand Domela Nieuwenhuis","Ferdinand Domela Nieuwenhuis","00326",0,0,0,0,0,0,0,0,0,0,0,1,0,0,0,0,0,0,0,0,0
"68","Adriaan Louis Poelman","Adriaan Louis Poelman","01042",0,0,0,0,0,0,0,0,0,0,0,0,1,0,0,0,0,0,0,0,0
"69","Theodore Matthieu Ketelaar","Theodore Matthieu Ketelaar","00689",0,0,0,0,0,0,0,0,0,0,0,0,0,0,1,1,1,1,1,1,1
"70","Willem Helsdingen","Willem Lynden","00855",0,0,0,0,0,0,0,0,0,0,0,0,0,0,0,1,1,1,1,1,1
"71","Frederik Willem Nicolaas Hugenholtz","Frederik Willem Nicolaas Hugenholtz","00615",0,0,0,0,0,0,0,0,0,0,0,0,0,0,0,1,1,1,1,1,1
"72","Cornelis Johan Adriaan Bichon van IJsselmonde","Cornelis Johan Adriaan Bichon van IJsselmonde","00111",0,0,0,0,0,0,0,0,0,0,0,0,0,0,0,0,0,1,1,1,0
"73","Hendrik Coenraad Dresselhuijs","Hendrik Coenraad Dresselhuys","00341",0,0,0,0,0,0,0,0,0,0,0,0,0,0,0,0,0,0,1,1,1
"74","Willem Hendrik Dullert","Willem Hendrik Dullert","00349",1,1,1,1,1,1,1,0,0,0,0,0,0,0,0,0,0,0,0,0,0
"75","Michel Henry Godefroi","Michel Henry Godefroi","00464",1,1,1,1,1,1,1,0,0,0,0,0,0,0,0,0,0,0,0,0,0
"76","Charles Jean François Mirandolle","Charles Jean François Mirandolle","00930",0,0,0,1,1,1,1,1,0,0,0,0,0,0,0,0,0,0,0,0,0
"77","Pierre Guillaume Jean van der Schrieck","Pierre Guillaume Jean Schrieck","01229",0,0,0,0,0,1,1,1,1,1,1,1,1,1,0,0,0,0,0,0,0
"78","Willem Karel van Dedem","Willem Karel Dedem","00295",0,0,0,0,0,0,1,1,1,1,1,1,0,0,0,0,0,0,0,0,0
"79","Abraham van Laer","Abraham Laer","00776",0,0,0,0,0,0,0,1,0,0,0,0,0,0,0,0,0,0,0,0,0
"80","Leonard Frans Hubert Carl Ruland","Leonard Frans Hubert Carl Ruland","01143",0,0,0,0,0,0,0,0,1,1,1,1,0,0,0,0,0,0,0,0,0
"81","Meinard Tydeman ","Meinard Tydeman","01384",0,0,0,0,0,0,0,0,0,0,0,0,1,1,1,1,1,1,1,0,0
"82","Henri van Kol","Henri Hubert Kol","00723",0,0,0,0,0,0,0,0,0,0,0,0,0,0,1,1,1,0,0,0,0
"83","Jan Schokking","Jan Schokking","01215",0,0,0,0,0,0,0,0,0,0,0,0,0,0,0,1,1,0,0,0,1
"84","Geert van der Zwaag","Geert Lourens Zwaag","01604",0,0,0,0,0,0,0,0,0,0,0,0,0,0,1,1,1,0,0,0,0
"85","Jean Baptiste Louis Corneille Charles de Wijkerslooth de Weerdesteyn","Jean Baptiste Louis Corneille Charles Wijkerslooth de Weerdesteyn","01580",0,0,0,0,0,0,0,0,0,0,0,0,0,0,0,0,0,1,1,0,1
"86","Maximilien Joseph Caspar Marie Kolkman","Maximilien Joseph Caspar Marie Kolkman","00727",0,0,0,0,0,0,0,1,1,1,1,1,1,1,1,1,1,0,1,1,1
"87","Willem Hendrik de Buisonjé","Willem Hendrik Buisonjé","00236",0,0,0,0,0,0,0,0,0,0,0,0,0,0,0,0,0,0,0,0,1
"88","Daniël van Eck","Daniël Eck","00368",1,1,1,1,1,1,1,1,0,0,0,0,0,0,0,0,0,0,0,0,0
"89","François Willem Cornelis Blom","François Willem Cornelis Blom","00130",1,1,1,1,1,1,0,0,0,0,0,0,0,0,0,0,0,0,0,0,0
"90","Sybrand Hingst","Sybrand Hingst","00583",0,0,1,1,1,1,1,1,1,0,0,0,0,0,0,0,0,0,0,0,0
"91","Jan Heemskerk Azn.","Jan Heemskerk","00538",1,0,0,1,1,0,0,0,0,0,0,0,0,0,0,0,0,0,0,0,0
"92","Æneas Mackay ","Æneas Mackay","00861",0,0,0,0,0,1,1,1,1,1,1,0,1,1,1,1,0,0,0,0,0
"93","Johannes Hendricus Donner","Johannes Hendricus Donner","00334",0,0,0,0,0,0,1,1,1,0,1,1,1,1,1,0,0,0,0,0,0
"94","Ulrich Herman Huber ","Ulrich Herman Huber","00612",0,0,0,0,0,0,0,1,1,1,1,1,1,0,0,0,0,0,0,0,0
"95","Jan van den Biesen","Jan Jacob Willem Biesen","00118",0,0,0,0,0,0,0,0,1,1,1,0,0,0,0,0,0,0,0,0,0
"96","Carel Marie Brantsen","Carel Marie Brantsen","00197",0,0,0,0,0,0,0,0,0,0,0,1,0,0,0,0,0,0,0,0,0
"97","Jacobus Petrus Havelaar","Jacob Petrus Havelaar","00530",0,0,0,0,0,0,0,0,0,0,0,0,1,0,0,0,0,0,0,0,0
"98","Johannes Theodoor de Visser","Johannes Theodoor Visser","01446",0,0,0,0,0,0,0,0,0,0,0,0,0,0,1,1,1,1,1,1,0
"99","Gerrit de Jongh","Gerrit Simons","01249",0,0,0,0,0,0,0,0,0,0,0,0,0,0,0,0,0,1,0,0,0
"100","Pieter Otto","Pieter Otto","01009",0,0,0,0,0,0,0,0,0,0,0,0,0,0,0,0,0,0,1,1,1
"101","Henricus Gerardus Maria Hermans","Henricus Gerardus Maria Hermans","00563",0,0,0,0,0,0,0,0,0,0,0,0,0,0,0,0,0,0,0,1,1
"102","Willem van Ravesteyn","Willem Ravesteyn","01086",0,0,0,0,0,0,0,0,0,0,0,0,0,0,0,0,0,0,0,0,1
"103","Willem Theodore Gevers Deynoot ","Willem Theodore Gevers Deynoot","00455",1,0,0,0,1,1,0,0,0,0,0,0,0,0,0,0,0,0,0,0,0
"104","Ernest Louis van Hardenbroek van Lockhorst ","Ernest Louis Hardenbroek van Lockhorst","00519",0,0,1,1,1,0,0,0,0,0,0,0,0,0,0,0,0,0,0,0,0
"105","Jan Pieter Bredius ","Jan Pieter Bredius","00202",0,0,0,1,1,1,1,0,0,0,0,0,0,0,0,0,0,0,0,0,0
"106","Harry Barge","Zadok Bergh","00099",0,0,0,0,0,1,1,0,0,0,0,0,0,0,0,0,0,0,0,0,0
"107","Victor Nyst","Pieter Rink","01113",0,0,0,0,0,0,1,0,0,0,0,0,0,0,0,0,0,0,0,0,0
"108","Johan Pieter Idus Buteux","Johan Pieter Idus Buteux","00242",0,0,0,0,0,0,0,0,0,1,1,0,0,0,0,0,0,0,0,0,0
"109","Willem Mutsaers","Willem Meijier","00917",0,0,0,0,0,0,0,0,0,0,0,1,1,1,1,1,0,0,0,0,0
"110","Gustave Louis Marie Hubert Ruijs de Beerenbrouck","Gustave Louis Marie Hubert Ruijs van Beerenbroek","01154",0,0,0,0,0,0,1,1,1,1,1,0,1,0,0,0,0,0,0,0,0
"111","Jan Loeff","Jan Molen","00934",0,0,0,0,0,0,0,0,0,0,0,0,0,1,1,0,1,1,1,1,1
"112","Willem Hendrik Bogaardt","Willem Hendrik Bogaardt","00150",0,0,0,0,0,0,0,0,0,0,0,0,0,0,0,0,1,0,0,1,1
"113","Jan Gerrit Scheurer","Jan Gerrit Scheurer","01194",0,0,0,0,0,0,0,0,0,0,0,0,0,0,0,0,0,1,1,1,1
"114","Jan van den Tempel","Jan Tempel","01347",0,0,0,0,0,0,0,0,0,0,0,0,0,0,0,0,0,0,1,1,1
"115","Arie de Zeeuw","Arie Smit","01273",0,0,0,0,0,0,0,0,0,0,0,0,0,0,0,0,0,0,0,1,1
"116","Frederik Bos","Frederik Bos","00176",0,0,0,0,0,0,0,0,0,0,0,0,0,0,0,0,0,0,0,0,1
"117","Jan Heemskerk Bzn.","Jan Heemskerk","00538",1,1,1,1,1,0,0,0,0,0,0,0,0,0,0,0,0,0,0,0,0
"118","Jacob Dirks","Jacob Dirks","00315",1,1,1,0,0,0,0,0,0,0,0,0,0,0,0,0,0,0,0,0,0
"119","Marinus Bichon van IJsselmonde","Marinus Bichon van IJsselmonde","00112",0,0,1,1,1,1,1,1,0,0,0,0,0,0,0,0,0,0,0,0,0
"120","Theo van Lynden van Sandenburg","Constantijn Theodoor Lynden van Sandenburg","00857",0,1,1,1,1,0,0,0,0,0,0,0,0,0,0,0,0,0,0,0,0
"121","Johannes Tak van Poortvliet","Johannes Dirk Poel","01041",0,0,0,1,1,1,1,1,0,0,0,1,0,1,1,0,0,0,0,0,0
"122","Herman Jacob Dijckmeester ","Herman Jacob Dijckmeester","00360",0,0,0,0,0,1,1,1,0,1,1,1,1,0,0,0,0,0,0,0,0
"123","Frederik Willem Jacob van Aylva van Pellandt","Frederik Willem Jacob Aylva baron van Pallandt","00046",0,0,0,0,0,0,0,0,0,0,1,0,0,0,0,0,0,0,0,0,0
"124","Henri Daniël Guyot","Henri Daniël Guyot","00498",0,0,0,0,0,0,0,0,0,0,0,1,1,1,0,0,0,0,0,0,0
"125","Theodorus Lebuïnus Maria Hubertus Borret","Theodorus Lebuïnus Maria Hubertus Borret","00169",0,0,0,0,0,0,0,0,0,0,0,1,1,1,0,0,0,0,0,0,0
"126","Jan Hendrik Jacob Quarles van Ufford","Jan Hendrik Jacob Quarles van Ufford","01070",0,0,0,0,0,0,0,0,0,0,0,0,0,1,0,0,0,0,0,0,0
"127","Schelto van Citters","Schelto Citters","00256",0,0,0,0,0,0,0,0,0,0,0,0,0,0,0,0,1,0,0,0,0
"128","Anthon Gerrit Aemile van Rappard ","Anthon Gerrit Æmile Rappard","01082",0,0,0,0,0,0,0,0,0,0,0,0,0,0,0,0,0,0,0,1,1
"129","Henri ter Hall","Henri Hubert Kol","00723",0,0,0,0,0,0,0,0,0,0,0,0,0,0,0,0,0,0,0,0,1
"130","Wieger Hendrikus Idzerda","Wieger Hendrikus Idzerda","00625",1,1,0,0,1,1,1,0,0,0,0,0,0,0,0,0,0,0,0,0,0
"131","Menso Johannes Pijnappel","Menso Johannes Pijnappel","01068",0,0,1,1,0,0,0,0,0,0,0,0,0,1,0,0,0,0,0,0,0
"132","Aloysius Franciscus Xaverius Luyben","Aloysius Franciscus Xaverius Luyben","00851",1,1,1,1,1,1,1,0,0,0,0,0,0,0,0,0,0,0,0,0,0
"133","Isaäc Lambertus Cremer van den Berch van Heemstede","Isaäc Lambertus Cremer van den Berch van Heemstede","00088",0,0,0,0,1,1,0,0,0,0,0,0,0,0,0,0,0,0,0,0,0
"134","Alexander Schimmelpenninck van der Oye ","Alexander Schimmelpenninck van der Oye","01203",0,0,0,0,1,1,1,1,0,1,1,1,0,0,0,0,0,0,0,0,0
"135","Herman Schaepman","Jan Schepel","01191",0,0,0,0,0,0,1,1,1,1,1,1,1,1,1,1,0,0,0,0,0
"136","Gerard Jacob Theodoor Beelaerts van Blokland","Gerard Jacob Theodoor Beelaerts van Blokland","00076",0,0,0,0,0,0,0,1,1,1,1,1,1,1,0,0,0,0,0,0,0
"137","Jacob Theodoor Cremer","Jacob Theodoor Cremer","00279",0,0,0,0,0,0,0,0,1,1,1,1,1,1,0,1,0,0,0,0,0
"138","Carel Victor Gerritsen","Carel Victor Gerritsen","00450",0,0,0,0,0,0,0,0,0,0,0,0,1,1,0,0,0,0,0,0,0
"139","Wiel Nolens","Jan Molen","00934",0,0,0,0,0,0,0,0,0,0,0,0,0,1,1,1,1,1,1,1,1
"140","Andries Popke Staalman","Andries Popke Staalman","01293",0,0,0,0,0,0,0,0,0,0,0,0,0,1,1,1,0,0,0,0,1
"141","Arie Colijn","Arie Smit","01273",0,0,0,0,0,0,0,0,0,0,0,0,0,0,0,0,0,0,0,1,1
"142","Abraham Staalman","Abraham Staalman","01292",0,0,0,0,0,0,0,0,0,0,0,0,0,0,0,0,0,0,0,0,1
"143","Franciscus Johannes Jespers","Franciscus Johannes Jespers","00642",1,1,1,0,0,0,0,0,0,0,0,0,0,0,0,0,0,0,0,0,0
"144","Cornelis van Foreest ","Cornelis Foreest","00416",1,1,1,1,1,0,0,0,0,0,0,0,0,0,0,0,0,0,0,0,0
"145","Franciscus Johannes Emilius van Zinnicq Bergmann","Franciscus Joannes Emilius Zinnicq Bergmann","01601",0,0,1,1,1,1,0,0,0,0,0,0,0,0,0,0,0,0,0,0,0
"146","Frederik Willem Jacob van Aylva van Pallandt","Frederik Willem Jacob Aylva baron van Pallandt","00046",0,0,0,0,0,0,0,0,1,1,0,0,0,0,0,0,0,0,0,0,0
"147","Willem Cornelis Johannes Josephus Cremers","Willem Cornelis Johannes Josephus Cremers","00282",0,0,0,0,0,0,0,0,0,0,1,1,0,0,0,0,0,0,0,0,0
"148","Hendrik Johannes Bool","Hendrik Johannes Bool","00160",0,0,0,0,0,0,0,0,0,0,0,1,1,0,0,0,0,0,0,0,0
"149","Hendrik Adriaan van Beuningen","Hendrik Adriaan Beuningen","00107",0,0,0,0,0,0,0,0,0,0,0,0,1,0,0,0,0,0,0,0,0
"150","Adrien Jonathan Rethaan Macaré","Adrien Jonathan Rethaan Macaré","01101",0,0,0,0,0,0,0,0,0,0,0,0,0,1,1,0,0,0,0,0,0
"151","François Isidore Joseph Janssen","Franciscus Isidorus Josephus Janssen","00638",0,0,0,0,0,0,0,0,0,0,0,0,0,0,0,1,1,1,1,0,0
"152","Johan Heinrich Blum","Johan Heinrich Blum","00135",0,0,0,0,0,0,0,0,0,0,0,0,0,0,0,0,0,1,0,0,0
"153","Willem Otto Adriaan Koster","Willem Otto Adriaan Koster","00742",0,0,0,0,0,0,0,0,0,0,0,0,0,0,0,0,0,0,1,1,0
"154","Jan Hendrik Joseph Beckers","Jan Hendrik Joseph Beckers","00072",0,0,0,0,0,0,0,0,0,0,0,0,0,0,0,1,1,1,1,1,0
"155","Gijsbertus Martinus van der Linden","Gijsbertus Martinus Linden","00828",1,1,1,1,1,1,1,1,1,1,1,0,0,0,0,0,0,0,0,0,0
"156","Willem Groen van Prinsterer","Guillaume Groen van Prinsterer","00485",1,1,0,0,0,0,0,0,0,0,0,0,0,0,0,0,0,0,0,0,0
"157","Willem Jan Knoop","Willem Jan Knoop","00711",0,0,0,1,0,0,0,0,0,0,0,0,0,0,0,0,0,0,0,0,0
"158","Jan Stoffel","Jan Stoffel","01305",0,0,0,0,0,0,0,0,0,0,0,0,0,0,1,0,0,0,0,0,0
"159","Hendrik Bijleveld ","Hendrik Bijleveld","00246",0,0,0,0,0,0,0,0,0,0,0,0,0,0,0,1,0,0,0,0,0
"160","Bernardus Dirks Eerdmans","Bernardus Dirks Eerdmans","00369",0,0,0,0,0,0,0,0,0,0,0,0,0,0,0,0,0,0,1,1,0
"161","Adolf Robbert van de Laar","Adolf Robbert Laar","00774",0,0,0,0,0,0,0,0,0,0,0,0,0,0,0,0,0,0,0,0,1
"162","Karel Adrianus Meeussen","Karel Adrianus Meeussen","00895",1,0,0,0,0,0,0,0,0,0,0,0,0,0,0,0,0,0,0,0,0
"163","Willem Hendrik van Idzerda","Wieger Hendrikus Idzerda","00625",0,0,0,1,0,0,0,0,0,0,0,0,0,0,0,0,0,0,0,0,0
"164","Herman Albrecht Insinger","Herman Albrecht Insinger","00628",0,0,1,1,1,1,1,1,0,0,0,0,0,0,0,0,0,0,0,0,0
"165","Isaäc Burchard Diederik van den Berch van Heemstede","Isaäc Burchard Diederik Berch van Heemstede","00087",0,0,0,0,0,0,0,0,0,0,0,0,1,1,1,1,1,1,1,0,0
"166","Willy Kruyt","Willem Kaay","00666",0,0,0,0,0,0,0,0,0,0,0,0,0,0,0,0,0,0,0,0,1
"167","Nicolaas Olivier","Nicolaas Olivier","01000",1,0,1,1,0,0,0,0,0,0,0,0,0,0,0,0,0,0,0,0,0
"168","Pieter Philip van Bosse","Pieter Philip Bosse","00184",1,1,0,1,0,0,0,0,0,0,0,0,0,0,0,0,0,0,0,0,0
"169","Leopold Haffmans","Meinard Tydeman","01384",0,0,1,1,1,1,1,1,1,1,1,1,1,1,0,0,0,0,0,0,0
"170","Idzerd Frans van Humalda van Eysinga","Idzerd Frans Humalda van Eysinga","00618",0,0,0,0,0,0,1,1,0,0,0,0,0,0,0,0,0,0,0,0,0
"171","Wilco Julius van Welderen Rengers","Wilco Julius Welderen baron Rengers","01518",0,0,0,0,0,0,0,1,1,1,1,0,0,0,0,0,0,0,0,0,0
"172","Hubert Joachim Brouwers","Hubert Joachim Brouwers","00217",0,0,0,0,0,1,1,1,1,1,1,1,0,0,0,0,0,0,0,0,0
"173","Jean Gustave Stanislas Bevers","Jean Gustave Stanislas Bevers","00108",0,0,0,0,0,0,0,0,0,0,0,1,1,0,0,0,0,0,0,0,0
"174","Henri Marchant","Henri Polak","01046",0,0,0,0,0,0,0,0,0,0,0,0,0,0,1,1,1,1,1,1,1
"175","Willem Treub","Willem Drees","00340",0,0,0,0,0,0,0,0,0,0,0,0,0,0,0,1,1,1,0,0,1
"176","Hendrik Lodewijk Drucker","Hendrik Lodewijk Drucker","00348",0,0,0,0,0,0,0,0,0,0,0,0,0,1,1,1,1,1,0,0,0
"177","Anthony Brummelkamp jr.","Anthony Brummelkamp","00228",0,0,0,0,0,0,0,0,0,0,0,0,0,0,1,1,1,1,1,1,0
"178","Harm Kolthek","Harm Kolthek","00728",0,0,0,0,0,0,0,0,0,0,0,0,0,0,0,0,0,0,0,0,1
"179","Johannes Hendricus Hubertus de Poorter","Johannes Hendricus Hubertus Poorter","01054",1,1,1,0,0,0,0,0,0,0,0,0,0,0,0,0,0,0,0,0,0
"180","Jan Zijp Kzn.","Jan Zijp","01613",0,0,0,0,0,0,0,0,0,0,0,1,1,1,0,0,0,0,0,0,0
"181","Willem Henricus Jacobus Theodorus van Basten Batenburg","Willem Henricus Jacobus Theodorus Basten Batenburg","00065",0,0,0,0,0,0,0,0,0,0,0,0,0,1,1,0,0,0,0,0,0
"182","Johannes Franciscus Jansen","Johannes Franciscus Jansen","00636",0,0,0,0,0,0,0,0,0,0,0,0,0,0,1,0,0,0,0,0,0
"183","Willem van der Vlugt","Willem Vlugt","01457",0,0,0,0,0,0,0,0,0,0,0,0,0,0,0,1,1,0,0,0,0
"184","Walrave Boissevain","Walrave Boissevain","00152",0,0,0,0,0,0,0,0,0,0,0,0,0,0,0,0,0,0,1,1,0
"185","Willem Wijk","Willem Dolk","00325",0,0,0,0,0,0,0,0,0,0,0,0,0,0,0,0,0,0,0,0,1
"186","Karel Arnold Poortman","Karel Arnoldus Poortman","01055",1,1,0,0,0,0,0,0,0,0,0,0,0,0,0,0,0,0,0,0,0
"187","Jan Karel van Goltstein","Jan Karel Goltstein","00473",1,1,1,1,0,0,0,0,0,0,0,0,0,0,0,0,0,0,0,0,0
"188","Levinus Wilhelmus Christiaan Keuchenius","Levinus Wilhelmus Christiaan Keuchenius","00691",0,1,1,0,0,0,1,1,1,1,1,1,1,0,0,0,0,0,0,0,0
"189","Pieter Hendrik Saaymans Vader","Pieter Hendrik Saaymans Vader","01166",0,0,1,1,1,1,0,0,0,0,0,0,0,0,0,0,0,0,0,0,0
"190","Allard van der Borch van Verwolde ","Allard Philip Reinier Carel Borch van Verwolde","00163",0,0,0,0,0,0,0,1,1,1,1,1,1,0,1,1,1,1,0,0,0
"191","Eppo Cremers","Otto Rees","01093",0,0,0,1,1,1,1,1,1,1,1,1,0,0,0,0,0,0,0,0,0
"192","Antoine Plate","Antoine Plate","01036",0,0,0,0,0,0,0,0,0,0,0,0,1,1,0,0,1,0,0,0,0
"193","Albertus van Delden","Albertus Delden","00299",0,1,1,1,1,1,1,1,1,1,1,1,1,1,1,0,0,0,0,0,0
"194","Pieter Jelles Troelstra","Pieter Jelles Troelstra","01376",0,0,0,0,0,0,0,0,0,0,0,0,0,0,1,1,1,1,1,1,1
"195","Cornelis Frans Jacobus Blooker ","Cornelis Frans Jacobus Blooker","00134",0,0,0,0,0,0,0,0,0,0,0,0,0,0,0,0,1,0,0,0,0
"196","Pieter van Foreest ","Pieter Foreest","00417",0,0,0,0,0,0,0,0,0,0,0,0,0,0,0,1,1,1,1,1,0
"197","Dirk Jan de Geer","Dirk Jan Geer","00432",0,0,0,0,0,0,0,0,0,0,0,0,0,0,0,0,1,1,1,1,1
"198","Jan van Rijzewijk","Joannes Rijzewijk","01165",0,0,0,0,0,0,0,0,0,0,0,0,0,0,0,0,0,0,0,0,1
"199","Johan Rudolf Thorbecke","Johan Rudolf Thorbecke","01361",1,0,0,0,0,0,0,0,0,0,0,0,0,0,0,0,0,0,0,0,0
"200","Petrus van der Veen","Petrus Veen","01395",1,1,1,0,0,0,0,0,0,0,0,0,0,0,0,0,0,0,0,0,0
"201","Otto van Rees ","Otto Rees","01093",0,0,0,0,1,1,1,1,0,0,0,0,0,0,0,0,0,0,0,0,0
"202","Johan George Gleichman","Johan George Gleichman","00462",0,0,0,0,0,0,1,1,1,1,1,1,1,1,1,0,0,0,0,0,0
"203","Frederic Joseph Maria Anton Reekers","Frederic Joseph Maria Anton Reekers","01091",0,0,0,0,0,0,1,1,1,1,1,1,1,0,0,0,0,0,0,0,0
"204","Franciscus Theodorus Johannes Hubertus Dobbelmann","Franciscus Theodorus Johannes Hubertus Dobbelmann","00318",0,0,0,0,0,0,0,0,0,0,0,1,1,1,1,0,0,0,0,0,0
"205","Jan Schaper","Jan Schepel","01191",0,0,0,0,0,0,0,0,0,0,0,0,0,0,1,1,1,1,1,1,1
"206","Alexander van Dedem","Alexander Dedem","00293",0,0,0,0,0,0,1,1,1,1,1,1,1,1,1,1,1,1,0,0,0
"207","Albertus Nicolaas Fleskens","Albertus Nicolaas Fleskens","00408",0,0,0,0,0,0,0,0,0,0,0,0,0,0,0,0,0,1,1,1,1
"208","Conrad Theodor van Deventer","Conrad Theodor Deventer","00303",0,0,0,0,0,0,0,0,0,0,0,0,0,0,0,0,1,0,1,0,0
"209","Johan Brautigam","Johan Brautigam","00200",0,0,0,0,0,0,0,0,0,0,0,0,0,0,0,0,0,0,0,0,1
"210","Rembertus Westerhoff","Rembertus Westerhoff","01527",1,1,1,1,1,0,0,0,0,0,0,0,0,0,0,0,0,0,0,0,0
"211","Mari Aert Frederic Henri Hoffmann","Mari Aert Frederic Henri Hoffmann","00589",1,1,1,1,1,0,0,0,0,0,0,0,0,0,0,0,0,0,0,0,0
"212","Johannes Maria Benedictus Josephus van der Does de Willebois","Johannes Maria Benedictus Josephus Does de Willebois","00322",0,0,0,1,1,1,0,0,0,0,0,0,0,0,0,0,0,0,0,0,0
"213","Jacobus Gerardus de Bruijn","Jacobus Gerardus Bruijn","00231",0,0,0,0,0,1,1,0,0,0,0,0,0,0,0,0,0,0,0,0,0
"214","Hendrik Seret","Hendrik Seret","01238",0,0,0,0,0,0,1,1,1,1,1,1,1,1,1,1,0,0,0,0,0
"215","Klaas de Jong ","Klaas Reyne","01106",0,0,0,0,0,0,1,1,1,0,0,0,0,0,0,0,0,0,0,0,0
"216","Jean Clercx","Jan Alphen","00019",0,0,0,0,0,0,1,1,1,1,1,1,1,0,0,0,0,0,0,0,0
"217","Abraham van Karnebeek","Abraham Kuyper","00766",0,0,0,0,0,0,0,0,0,0,0,1,1,1,1,1,1,1,0,0,0
"218","Martin de Ras","Martinus Ras","01085",0,0,0,0,0,0,0,0,0,0,0,0,1,1,1,1,0,0,0,0,0
"219","Jacob Johan van Kerkwijk","Jacob Johan Kerkwijk","00684",1,1,1,1,1,1,1,1,1,1,1,1,1,1,1,0,0,0,0,0,0
"220","Willem de Jong","Willem Lynden","00855",0,0,0,0,0,0,0,0,0,0,0,0,0,0,0,0,0,1,1,0,0
"221","Henri van Groenendael","Hendrik Jan Woudenberg","01569",0,0,0,0,0,0,0,0,0,0,0,0,0,0,0,0,0,0,1,1,1
"222","Jan van Best","Joannes Best","00104",0,0,0,0,0,0,0,0,0,0,0,0,0,0,0,0,0,1,1,1,0
"223","Bartholomeus Gerretson","Bartholomeus Johannes Gerretson","00448",0,0,0,0,0,0,0,0,0,0,0,0,0,0,0,0,0,0,0,0,1
"224","Berend Wichers","Berend Wichers","01539",1,0,0,0,0,0,0,0,0,0,0,0,0,0,0,0,0,0,0,0,0
"225","Willem van Lynden","Willem Lynden","00855",1,1,0,0,0,0,0,0,0,0,0,0,0,0,0,0,0,0,0,0,0
"226","Albertus van Naamen van Eemnes","Albertus Naamen van Eemnes","00954",0,0,1,1,1,1,0,0,0,0,0,0,0,0,0,0,0,0,0,0,0
"227","Guillaume Eugène François Xavier Mathias Kerens de Wylré","Guillaume Eugène François Xavier Mathias Kerens de Wylré","00683",0,0,0,0,1,1,1,0,0,0,0,0,0,0,0,0,0,0,0,0,0
"228","Jan van Stolk Jzn.","Jan Stolk","01311",0,0,0,0,0,1,1,0,0,0,0,0,0,0,0,0,0,0,0,0,0
"229","Petrus Jacobus Franciscus Vermeulen","Petrus Jacobus Franciscus Vermeulen","01422",0,0,0,0,0,0,1,1,1,1,1,1,1,1,1,0,0,0,0,0,0
"230","Meindert Boogaerdt Bzn.","Meindert Boogaerdt","00159",0,0,0,0,0,0,0,0,0,0,0,0,1,0,0,0,0,0,0,0,0
"231","Joseph Willem Jan Carel Marie van Nispen tot Sevenaer","Joseph Willem Jan Carel Marie Nispen tot Sevenaer","00975",0,0,0,0,0,0,0,0,0,0,0,0,0,0,0,0,1,1,1,0,0
"232","Victor Henri Rutgers","Victor Henri Rutgers","01147",0,0,0,0,0,0,0,0,0,0,0,0,0,0,0,0,0,1,1,1,1
"233","Kornelis Eland","Kornelis Eland","00374",0,0,0,0,0,0,0,0,0,0,0,0,0,0,0,0,1,1,1,1,0
"234","Pieter Johannes de Kanter","Pieter Johannes Kanter","00672",0,0,0,0,0,0,0,0,0,0,0,0,0,0,0,0,0,1,1,1,1
"235","Edmond van Wintershoven","Hendrik Pyttersen","01069",1,0,0,0,0,0,0,0,0,0,0,0,0,0,0,0,0,0,0,0,0
"236","Simon Cool","Simon Cool","00265",1,1,0,0,0,0,0,0,0,0,0,0,0,0,0,0,0,0,0,0,0
"237","Hendrikus Octavius Wichers","Hendrikus Octavius Wichers","01540",0,0,0,0,0,0,1,1,0,0,0,0,0,0,0,0,0,0,0,0,0
"238","Willem Wintgens","Willem Wintgens","01557",1,1,1,0,1,1,1,1,1,0,0,0,0,0,0,0,0,0,0,0,0
"239","Willem Jacob Geertsema","Willem Jacob Geertsema","00438",0,0,0,0,0,0,0,0,0,0,0,1,1,0,1,0,0,0,0,0,0
"240","Maurits van Asch van Wijck","Hendrick Maurits Jan Asch van Wijck","00036",0,0,0,0,0,0,0,0,0,0,0,0,0,0,1,0,0,0,0,0,0
"241","Simon de Vries Czn","Simon Vries","01489",0,0,0,0,0,0,0,0,0,0,0,0,0,0,0,0,1,0,0,0,0
"242","Johan Reinhardt Snoeck Henkemans","Johan Reinhardt Snoeck Henkemans","01283",0,0,0,0,0,0,0,0,0,0,0,0,0,0,0,0,0,1,1,1,1
"243","Adriaan Gerhard","Adrien Henri Gerhard","00447",0,0,0,0,0,0,0,0,0,0,0,0,0,0,0,0,0,0,1,1,1
"244","Frans Drion","Jan Tuin","01381",0,0,0,0,0,0,0,0,0,0,0,0,0,0,0,0,0,0,1,1,1
"245","Bernardus Hermanus Heldt","Bernardus Hermanus Heldt","00553",0,0,0,0,0,0,0,0,1,1,1,1,1,1,1,0,0,0,0,0,0
"246","Charles Casimir Marie Hubert de Bieberstein Rogalla Zawadsky","Charles Casimir Marie Hubert Bieberstein Rogalla Zawadsky","00114",0,0,0,0,0,0,0,0,0,0,0,0,0,1,1,0,0,0,0,0,0
"247","Jan Gerard van Deinse","Jan Gerard Deinse","00297",0,0,0,0,0,0,0,0,0,0,0,0,0,1,1,0,0,0,0,0,0
"248","Gerardus Jacobus Goekoop","Gerardus Jacobus Goekoop","00468",0,0,0,0,0,0,0,0,1,1,1,1,1,1,1,1,0,0,0,0,0
"249","Lodewijk Franciscus Duymaer van Twist","Lodewijk Franciscus Duymaer van Twist","00354",0,0,0,0,0,0,0,0,0,0,0,0,0,0,0,0,0,0,1,1,1
"250","Jo Westerman","Johanna Westerman","01529",0,0,0,0,0,0,0,0,0,0,0,0,0,0,0,0,0,0,0,0,1
"251","Isaac Paul Delprat","Isaäc Paul Delprat","00301",1,0,0,0,0,0,0,0,0,0,0,0,0,0,0,0,0,0,0,0,0
"252","Willem van Goltstein van Oldenaller","Willem Goltstein van Oldenaller","00475",0,1,1,1,0,0,0,0,0,0,0,0,0,0,0,0,0,0,0,0,0
"253","Samuel van Houten","Samuel Houten","00607",0,0,0,1,1,1,1,1,1,1,1,1,1,0,0,0,0,0,0,0,0
"254","Jacob Dam","Jacob Dam","00285",0,1,1,1,1,0,0,0,0,0,0,0,0,0,0,0,0,0,0,0,0
"255","Jan Elias Huydecoper van Maarsseveen en Nigtevecht","Jan Elias Huydecoper van Maarsseveen en Nigtevecht","00621",0,0,0,0,0,0,0,0,0,0,0,0,0,1,0,0,0,0,0,0,0
"256","Arend Braat","Arend Braat","00191",0,0,0,0,0,0,0,0,0,0,0,0,0,0,0,0,0,0,0,0,1
"257","Schelte Wybenga","Schelte Wybenga","01572",1,1,1,1,1,1,1,1,1,1,0,0,0,0,0,0,0,0,0,0,0
"258","Johannes Jerphaas Hasselman","Johannes Jerphaas Hasselman","00528",0,0,0,1,0,0,0,0,0,0,0,0,0,0,0,0,0,0,0,0,0
"259","Jacob Duyvis","Jacob Duyvis","00358",0,0,0,0,0,0,0,1,1,0,0,0,0,0,0,0,0,0,0,0,0
"260","Bartholomeus Johannes Gerretson","Bartholomeus Johannes Gerretson","00448",0,0,0,0,0,0,0,0,0,0,0,0,0,0,0,0,0,0,1,1,0
"261","Charles Ludovicus van de Bilt","Charles Ludovicus Bilt","00121",0,0,0,0,0,0,0,0,0,0,0,0,0,0,0,0,0,0,0,0,1
"262","Siebert Rudolph van Franck","Siebert Rudolph Franck","00419",1,0,0,0,0,0,0,0,0,0,0,0,0,0,0,0,0,0,0,0,0
"263","Cornelis van Heukelom","Cornelis Heukelom","00569",1,1,1,0,0,1,1,0,0,0,0,0,0,0,0,0,0,0,0,0,0
"264","Theodore Gerard Glaude Valette","Theodore Gerard Glaude Valette","01389",0,0,0,0,0,0,0,0,0,0,0,0,1,0,0,0,0,0,0,0,0
"265","Piet Nolting","Pieter Nolting","00983",0,0,0,0,0,0,0,0,0,0,0,0,0,0,1,1,1,0,0,0,0
"266","Julius van Zuylen van Nijevelt","Jacob Pieter Pompejus Zuylen van Nijevelt","01602",1,1,0,0,1,0,0,0,0,0,0,0,0,0,0,0,0,0,0,0,0
"267","Gijsbert van Tienhoven","Gijsbert Tienhoven","01365",0,0,0,0,0,1,1,0,0,0,0,0,0,0,0,0,0,0,0,0,0
"268","Willem Gerard Brantsen van de Zijp","Willem Gerard Brantsen van de Zijp","00198",0,0,0,0,0,0,1,1,1,0,0,1,1,0,0,0,0,0,0,0,0
"269","Willem van der Kaay","Willem Kaay","00666",0,0,0,0,1,1,1,1,1,1,1,1,1,0,0,0,0,0,0,0,0
"270","Ernest d'Olne","Aris Kool","00731",0,0,0,0,0,0,0,0,0,0,0,1,0,0,0,0,0,0,0,0,0
"271","Theo Heemskerk","Jan Heemskerk","00538",0,0,0,0,0,0,0,0,0,0,0,1,1,1,0,1,1,0,0,0,0
"272","Simon de Vries Czn.","Simon Vries","01489",0,0,0,0,0,0,0,0,0,0,0,0,0,0,0,1,0,0,0,0,0
"273","Louis van Heiden Reinestein","Louis Heiden Reinestein","00549",1,1,1,0,0,0,0,0,0,0,0,0,0,0,0,0,0,0,0,0,0
"274","Jan Willem Hendrik Rutgers van Rozenburg ","Jan Willem Hendrik Rutgers van Rozenburg","01148",0,0,0,1,1,1,1,1,1,1,0,1,1,1,0,0,0,0,0,0,0
"275","Otto van Wassenaer van Catwijck","Otto Wassenaer van Catwijck","01509",0,0,1,1,1,1,1,1,1,1,1,0,0,0,0,0,0,0,0,0,0
"276","Jerôme Lambrechts","Derck Engelberts","00381",0,0,0,0,1,1,1,1,1,1,1,1,1,1,0,0,0,0,0,0,0
"277","Emile Alexis Marie van der Kun","Emile Alexis Marie Kun","00763",0,0,0,0,0,0,0,0,0,0,0,0,1,1,1,1,0,0,0,0,0
"278","Hendrikus Johannes Bool","Hendrik Johannes Bool","00160",0,0,0,0,0,0,0,0,0,0,0,0,0,1,0,0,0,0,0,0,0
"279","Menso Johannes Pijnacker","Menso Johannes Pijnappel","01068",0,0,0,0,0,0,0,0,0,0,0,0,0,0,1,0,0,0,0,0,0
"280","Antonie Roodhuyzen","Antonie Roodhuyzen","01125",0,0,0,0,0,0,0,0,0,0,0,0,0,0,0,1,1,1,1,1,0
"281","Dirk Fock ","Dirk Fock","00410",0,0,0,0,0,0,0,0,0,0,0,0,0,0,0,1,0,0,1,1,1
"282","Cornelis Hoekwater","Cornelis Hoekwater","00586",1,1,1,0,0,0,0,0,0,0,0,0,0,0,0,0,0,0,0,0,0
"283","Karel Anton Rombach","Karel Anton Rombach","01121",0,0,0,1,1,1,1,1,0,0,0,0,0,0,0,0,0,0,0,0,0
"284","Jolle Albertus Jolles","Jolle Albertus Jolles","00645",0,0,0,0,1,0,0,0,0,0,0,0,0,0,0,0,0,0,0,0,0
"285","Willem van Heeckeren van Kell","Willem Heeckeren van Kell","00534",0,0,0,0,0,0,1,1,0,0,0,0,0,0,0,0,0,0,0,0,0
"286","Harm Smeenge","Harm Smeenge","01269",0,0,0,0,0,0,0,0,1,1,1,1,1,1,1,1,1,1,1,1,0
"287","Adriaan Gildemeester","Adriaan Gildemeester","00458",0,0,0,0,0,0,1,1,1,1,1,1,0,0,0,0,0,0,0,0,0
"288","Vincentius Adrianus Maria van den Heuvel","Vincentius Adrianus Maria Heuvel","00574",0,0,0,0,0,0,0,0,0,0,0,0,0,0,1,1,1,1,0,0,0
"289","Johan Willem Herman Meyert van Idsinga","Johan Willem Herman Meyert Idsinga","00624",0,0,0,0,0,0,0,0,0,0,0,0,0,0,0,0,1,1,1,1,0
"290","Jacobus Mattheüs de Kempenaer","Jacob Theodoor Cremer","00279",1,0,0,0,0,0,0,0,0,0,0,0,0,0,0,0,0,0,0,0,0
"291","Gerhardus Fabius","Gerhardus Fabius","00395",0,0,0,0,1,1,0,0,0,0,0,0,0,0,0,0,0,0,0,0,0
"292","Frans Julius Johan van Heemstra","Frans Julius Johan Heemstra","00541",0,0,0,0,0,1,0,0,0,0,0,0,0,0,0,0,0,0,0,0,0
"293","Okke Tietes Bosgra","Okke Tietes Bosgra","00182",0,0,0,0,0,0,0,0,0,0,0,1,0,0,0,0,0,0,0,0,0
"294","Adrianus Petrus de Lange","Adrianus Petrus Lange","00783",0,0,0,0,0,0,0,0,0,0,0,0,0,1,0,0,0,0,0,0,0
"295","Rudolf Pieter Mees R.Azn.","Rudolf Pieter Mees","00889",0,0,0,0,1,1,1,1,1,1,1,1,1,1,1,1,0,0,0,0,0
"296","Kornelis ter Laan","Kornelis Laan","00773",0,0,0,0,0,0,0,0,0,0,0,0,0,0,0,1,1,1,1,1,1
"297","Arnold Engels","Arnold Kerdijk","00682",0,0,0,0,0,0,0,0,0,0,0,0,0,0,0,0,0,0,1,1,1
"298","Jan van der Molen","Jan Molen","00934",0,0,0,0,0,0,0,0,0,0,0,0,0,0,0,0,1,1,1,1,1
"299","Nicolaas Pieter Jacob Kien","Nicolaas Pieter Jacob Kien","00697",1,1,1,1,1,0,0,0,0,0,0,0,0,0,0,0,0,0,0,0,0
"300","Jan Karel Hendrik de Roo van Alderwerelt","Jan Karel Hendrik Roo van Alderwerelt","01123",0,0,1,1,1,1,0,0,0,0,0,0,0,0,0,0,0,0,0,0,0
"301","Jan Christiaan Fabius","Jan Christiaan Fabius","00396",0,0,0,0,0,0,1,0,1,1,1,1,0,0,0,0,0,0,0,0,0
"302","Anthonie Ernst Reuther","Anthonie Ernst Reuther","01103",0,0,0,0,0,0,1,1,1,1,1,1,0,0,0,0,0,0,0,0,0
"303","George Diepen","George Diepen","00305",0,0,0,0,0,0,0,0,0,0,0,1,1,0,0,0,0,0,0,0,0
"304","Petrus Boele Jacobus Ferf","Petrus Boele Jacobus Ferf","00404",0,0,0,0,0,0,0,0,0,0,0,0,1,1,1,1,1,1,0,0,0
"305","Eduard Fokker","Eduard Fokker","00413",0,0,0,0,0,0,0,0,0,0,0,0,0,0,1,1,0,0,0,0,0
"306","Lodewijk Henrick Johan Mari van Asch van Wijck","Lodewijk Henrick Johan Mari Asch van Wijck","00040",0,0,0,0,0,0,0,0,0,0,0,0,0,0,1,1,0,0,0,0,0
"307","Jan Wolter Niemeijer","Jan Wolter Niemeijer","00962",0,0,0,0,0,0,0,0,0,0,0,0,0,0,0,0,0,0,0,0,1
"308","Wilco Holdinga Lycklama à Nijeholt","Wilco Holdinga Lycklama à Nijeholt","00854",1,1,0,0,0,0,0,0,0,0,0,0,0,0,0,0,0,0,0,0,0
"309","Johan Herman Geertsema Czn.","Johan Herman Geertsema","00437",1,1,1,1,0,1,0,0,0,0,0,0,0,0,0,0,0,0,0,0,0
"310","Eduard Herman s' Jacob","Eduard Herman Jacob","00631",0,0,1,1,1,0,0,0,0,0,0,0,0,0,0,0,0,0,0,0,0
"311","James John Teding van Berkhout","James John Teding van Berkhout","01343",0,0,0,0,1,1,1,0,0,0,0,0,0,0,0,0,0,0,0,0,0
"312","Jacob Gerard Patijn","Jacob Gerard Patijn","01022",0,0,0,0,0,1,1,0,0,0,0,1,0,0,0,0,0,0,0,0,0
"313","Lourens de Groot","Lourens Groot","00491",0,0,0,0,0,0,0,0,0,0,0,0,0,0,0,0,0,0,0,0,1
"314","Evert du Marchie van Voorthuysen","Evert Marchie van Voorthuysen","00878",1,1,1,1,1,0,0,0,0,0,0,0,0,0,0,0,0,0,0,0,0
"315","Karel Lodewijk Joseph Cornelis","Karel Lodewijk Joseph Cornelis","00268",1,1,0,1,0,0,0,0,0,0,0,0,0,0,0,0,0,0,0,0,0
"316","Johannes Baptista Arnoldus Josephus Maria Verheyen","Johannes Baptista Arnoldus Josephus Maria Verheijen","01414",0,0,1,1,1,1,1,0,0,0,0,0,0,0,0,0,0,0,0,0,0
"317","Jan Willem Jacobus de Vos van Steenwijk ","Jan Willem Jacobus Vos van Steenwijk","01479",0,0,0,0,0,1,1,1,1,1,1,0,0,0,0,0,0,0,0,0,0
"318","Willem de Meijier","Willem Meijier","00917",0,0,0,0,0,1,1,1,1,1,1,1,1,0,0,0,0,0,0,0,0
"319","Henri Adolphe van de Velde","Henri Adolphe Velde","01400",0,0,0,0,0,0,0,0,0,0,0,1,1,0,1,1,1,1,1,1,0
"320","Joseph Limburg","Joseph Limburg","00822",0,0,0,0,0,0,0,0,0,0,0,0,0,0,0,0,1,1,1,1,0
"321","David Wijnkoop","David Joseph Wijnkoop","01584",0,0,0,0,0,0,0,0,0,0,0,0,0,0,0,0,0,0,0,0,1
"322","Pieter Mijer","Pieter Mijer","00953",1,1,0,0,0,0,0,0,0,0,0,0,0,0,0,0,0,0,0,0,0
"323","Barthold Jacob Lintelo de Geer van Jutphaas","Barthold Jacob Lintelo baron de Geer van Jutphaas","00433",0,0,0,0,0,0,0,0,1,1,1,1,1,0,0,0,0,0,0,0,0
"324","Alexander Frederik de Savornin Lohman","Alexander Frederik Savornin Lohman","01177",0,0,0,0,0,0,1,1,1,1,1,1,1,1,1,1,1,1,1,1,1
"325","Antoon Willem van Borssele","Anton Willem Borssele","00172",0,0,0,0,0,0,0,0,0,0,0,0,0,1,0,0,0,0,0,0,0
"326","Pieter Christiaan Jacobus Hennequin","Pieter Christiaan Jacobus Hennequin","00562",0,0,0,0,0,0,0,0,0,0,0,0,1,1,0,1,1,0,0,0,0
"327","Maurits Anton Brants","Maurits Anton Brants","00196",0,0,0,0,0,0,0,0,0,0,0,0,0,0,0,1,1,0,0,0,0
"328","Jan Bomans","Jan Bommer","00155",0,0,0,0,0,0,0,0,0,0,0,0,0,0,0,0,0,0,1,1,1
"329","Alexander van Sasse van Ysselt","Alexander Frederik Oscar Sasse van Ysselt","01172",0,0,0,0,0,0,0,0,0,0,0,0,0,0,0,1,1,1,1,1,1
"330","Gerlach Cornelis Joannes van Reenen ","Gerlach Cornelis Joannes Reenen","01092",1,1,0,1,0,0,0,0,0,0,0,0,0,0,0,0,0,0,0,0,0
"331","Pieter Jacob Elout van Soeterwoude","Pieter Jacob Elout van Soeterwoude","00377",1,0,0,0,0,0,1,0,0,0,0,0,0,0,0,0,0,0,0,0,0
"332","Antonie Jacob Willem Farncombe Sanders","Antoine Jacob Willem Farncombe Sanders","00397",0,0,0,0,0,0,0,0,0,1,1,1,1,1,0,0,0,0,0,0,0
"333","Willem Everts ","Willem Everts","00391",0,0,0,0,0,0,0,0,0,0,0,0,1,1,1,0,0,0,0,0,0
"334","Gerrit Blankers 't Hooft","Gerrit Blankers Hooft","00596",0,0,0,0,0,0,0,0,0,0,0,0,0,1,1,0,0,0,0,0,0
"335","Johan Willem Herman Meyert van Idsinga","Johan Willem Herman Meyert Idsinga","00624",0,0,0,0,0,0,0,0,0,0,0,0,0,0,0,1,0,0,0,0,0
"336","Jan van Gilse ","Jan Gilse","00460",0,0,0,0,0,0,0,0,0,0,0,0,0,0,0,0,0,0,0,1,0
"337","Bernardus Johannes van Stapele","Bernardus Johannes Stapele","01295",0,0,0,0,0,0,0,0,0,0,0,0,0,0,0,0,0,0,0,0,1
"338","Johan Louis de Jonge","Johan Louis Jonge","00656",0,0,0,0,0,1,0,0,0,0,0,0,0,0,0,0,0,0,0,0,0
"339","Willem Jan Roijaards van den Ham","Willem Jan Roijaards van den Ham","01135",0,0,0,0,0,0,0,0,0,0,0,1,1,1,0,0,0,0,0,0,0
"340","Otto Jan Herbert van Limburg Stirum","Otto Jan Herbert Limburg Stirum","00826",0,0,0,0,0,0,0,0,0,0,0,0,0,1,1,1,0,0,0,0,0
"341","Jan Jacob Slicher van Domburg","Jan Jacob Slicher van Domburg","01257",1,0,0,0,0,0,0,0,0,0,0,0,0,0,0,0,0,0,0,0,0
"342","Karel Antonie Godin de Beaufort","Karel Antonie Godin de Beaufort","00465",0,0,0,0,0,0,1,1,1,1,1,0,0,0,0,0,0,0,0,0,0
"343","Herman François Hesselink van Suchtelen","Herman François Hesselink van Suchtelen","00568",0,0,0,0,0,0,0,0,0,0,0,0,0,1,1,0,0,0,0,0,0
"344","Frans Jozef Bolsius","Frans Jozef Bolsius","00153",0,0,0,0,0,0,0,0,0,0,0,0,0,0,1,1,1,1,0,0,0
"345","Otto Jan Herbert van Limburg Stirum","Otto Jan Herbert Limburg Stirum","00826",0,0,0,0,0,0,0,0,0,0,0,0,0,0,0,0,1,0,0,0,0
"346","Willem Hendrik Boogaardt","Willem Hendrik Bogaardt","00150",0,0,0,0,0,0,0,0,0,0,0,0,0,0,0,0,0,1,1,0,0
"347","Frederik Herman de Monté VerLoren","Frederik Herman Monté VerLoren","00940",0,0,0,0,0,0,0,0,0,0,0,0,0,0,0,0,0,0,1,1,1
"348","Maarten Iman Willem Jacob Bijleveld","Maarten Iman Willem Jacob Bijleveld","00248",0,0,0,0,0,0,0,0,0,0,0,0,0,0,0,0,0,0,0,0,1
"349","Pieter Hendrik Taets van Amerongen tot Natewisch","Pieter Hendrik Taets van Amerongen tot Natewisch","01337",1,1,1,1,1,0,0,0,0,0,0,0,0,0,0,0,0,0,0,0,0
"350","Petrus van den Heuvel","Petrus Heuvel","00573",1,1,1,0,1,1,0,0,0,0,0,0,0,0,0,0,0,0,0,0,0
"351","Thomas Joannes Stieltjes sr.","Thomas Johannes Stieltjes","01303",0,0,1,1,1,1,0,0,0,0,0,0,0,0,0,0,0,0,0,0,0
"352","Binnert Philip van Harinxma thoe Slooten","Binnert Philip Harinxma thoe Slooten","00520",0,0,0,0,1,1,0,0,0,0,0,0,0,0,0,0,0,0,0,0,0
"353","Warmold Albertinus van der Feltz","Warmold Albertinus Feltz","00400",0,0,0,0,0,1,1,1,1,1,1,1,1,0,0,0,0,0,0,0,0
"354","Hendrik Colijn","Hendrikus Colijn","00263",0,0,0,0,0,0,0,0,0,0,0,0,0,0,0,0,0,1,0,0,0
"355","Augustinus Bernardus Gijsbertus Maria van Rijckevorsel","Augustinus Bernardus Gijsbertus Maria Rijckevorsel","01157",0,0,0,0,0,0,0,0,0,0,0,0,0,0,0,0,0,0,1,1,1
"356","Hendrik Albeda","Hendrik Albeda","00012",0,0,0,0,0,0,0,0,0,0,0,0,0,0,0,0,0,0,0,0,1
"357","Peter Marius Tutein Nolthenius","Peter Marius Tutein Nolthenius","01382",1,0,0,0,0,0,0,0,0,0,0,0,0,0,0,0,0,0,0,0,0
"358","Gerard Dumbar ","Gerard Dumbar","00350",1,1,1,1,1,0,0,0,0,0,0,0,0,0,0,0,0,0,0,0,0
"359","Hendrik Anthon van Rappard","Hendrik Anthon Rappard","01083",0,0,1,0,1,1,0,0,0,0,0,0,0,0,0,0,0,0,0,0,0
"360","Jan Messchert van Vollenhoven","Jan Messchert van Vollenhoven","00909",0,0,0,0,1,1,0,0,0,0,0,0,0,0,0,0,0,0,0,0,0
"361","Roeland van de Werk","Roeland Werk","01522",0,0,0,0,0,1,1,1,0,0,0,0,0,0,0,0,0,0,0,0,0
"362","Jan Albert van Gilse","Jan Albert Gilse","00461",0,0,0,0,0,0,0,0,0,0,0,0,0,0,1,0,0,0,0,0,0
"363","Coenraad van der Voort van Zijp","Coenraad Voort van Zijp","01470",0,0,0,0,0,0,0,0,0,0,0,0,0,0,0,0,1,1,1,1,1
"364","Hendrik Goeman Borgesius","Hendrik Goeman Borgesius","00469",0,0,0,0,0,1,1,1,1,1,1,1,1,1,1,1,1,1,1,0,0
"365","Jan Willem IJzerman","Jan Willem IJzerman","01589",0,0,0,0,0,0,0,0,0,0,0,0,0,0,0,0,1,0,1,1,0
"366","Willem Frederik Carel van Lidth de Jeude","Willem Frederik Carel Lidth de Jeude","00814",1,1,1,1,0,0,0,0,0,0,0,0,0,0,0,0,0,0,0,0,0
"367","Raphaël Alexander Johannes Boudewinus Maria van Nispen van Sevenaer","Raphaël Alexander Johannes Boudewinus Maria Nispen van Sevenaer","00978",0,0,0,0,1,0,0,0,0,0,0,0,0,0,0,0,0,0,0,0,0
"368","Justus Dirks","Justus Dirks","00316",0,0,0,0,0,0,1,1,1,0,0,0,0,0,0,0,0,0,0,0,0
"369","Christianus Joannes Antonius Heydenrijck","Christianus Joannes Antonius Heydenrijck","00578",1,1,1,1,1,1,1,0,0,0,0,0,0,0,0,0,0,0,0,0,0
"370","Isaäc Dignus Fransen van de Putte","Isaäc Dignus Fransen van de Putte","00421",1,0,1,1,1,1,1,0,0,0,0,0,0,0,0,0,0,0,0,0,0
"371","Jan van Gennep","Jan Gennep","00444",0,0,0,0,0,1,1,1,1,1,1,0,0,1,0,0,0,0,0,0,0
"372","Abraham Kuyper","Abraham Kuyper","00766",0,0,0,0,1,1,0,0,0,0,0,0,0,1,1,0,1,1,0,0,0
"373","Max Charles Emile Bongaerts","Max Charles Emile Bongaerts","00157",0,0,0,0,0,0,0,0,0,0,0,0,0,0,0,0,0,0,1,1,1
"374","Wesselius Marcus Houwing","Wesselius Marcus Houwing","00609",0,0,0,0,0,0,0,0,0,0,0,0,1,1,1,0,0,0,0,0,0
"375","Joost Adriaan van Hamel","Joost Adriaan Hamel","00518",0,0,0,0,0,0,0,0,0,0,0,0,0,0,0,0,0,0,1,1,0
"376","Bernard Pieter Gesinus van Diggelen","Bernard Pieter Gesinus Diggelen","00313",1,0,0,0,0,0,0,0,0,0,0,0,0,0,0,0,0,0,0,0,0
"377","Lucas Oldenhuis Gratama","Lucas Oldenhuis Gratama","00998",0,0,1,1,1,1,1,1,1,0,0,0,0,0,0,0,0,0,0,0,0
"378","Jan Harte van Tecklenburg","Hendrik Jan Woudenberg","01569",0,0,0,0,0,0,0,0,0,0,0,1,1,1,1,0,0,0,0,0,0
"379","Asser Benjamin Kleerekoper","Asser Benjamin Kleerekoper","00702",0,0,0,0,0,0,0,0,0,0,0,0,0,0,0,0,0,0,0,1,1
"380","Cornelis Lely","Cornelis Lely","00802",0,0,0,0,0,0,0,0,0,0,0,0,0,1,1,1,1,0,0,0,1
"381","Albertus Jacobus Duymaer van Twist","Albertus Jacobus Duymaer van Twist","00353",1,0,0,0,0,0,0,0,0,0,0,0,0,0,0,0,0,0,0,0,0
"382","Anthony Hoynck van Papendrecht ","Anthony Hoynck van Papendrecht","00611",1,1,0,0,0,0,0,0,0,0,0,0,0,0,0,0,0,0,0,0,0
"383","Willem van der Hucht","Willem Lynden","00855",0,0,1,1,0,0,0,0,0,0,0,0,0,0,0,0,0,0,0,0,0
"384","Johannes Petrus Smeele","Johannes Petrus Smeele","01268",0,0,0,0,0,0,0,0,0,1,0,0,0,0,0,0,0,0,0,0,0
"385","Lodewijk Duymaer van Twist","Lodewijk Franciscus Duymaer van Twist","00354",0,0,0,0,0,0,0,0,0,0,0,0,0,0,0,1,1,1,0,0,0
"386","Fridolin Marinus Kneubel","Fridolin Marinus Knobel","00709",0,0,0,0,0,0,0,0,0,0,0,0,0,0,0,0,0,0,1,0,0
"387","Nicolaas Oosterbaan ","Nicolaas Oosterbaan","01003",0,0,0,0,0,0,0,0,0,0,0,0,0,0,0,0,0,1,1,1,0
"388","Norbertus Reinerus Henricus Guljé","Norbertus Reinerus Henricus Guljé","00497",1,1,1,1,0,0,0,0,0,0,0,0,0,0,0,0,0,0,0,0,0
"389","Jan Thomassen à Thuessink van der Hoop van Slochteren","Abraham Johan Thomassen à Thuessink van der Hoop van Slochteren","01357",0,0,0,0,0,0,1,0,0,0,0,0,0,0,0,0,0,0,0,0,0
"390","Willem Caspar Joseph Passtoors","Willem Caspar Joseph Passtoors","01020",0,0,0,0,0,0,0,0,0,0,0,0,0,0,1,1,1,1,0,0,0
"391","Gerard Anton van Hamel","Gerard Anton Hamel","00517",0,0,0,0,0,0,0,0,0,0,0,0,0,0,0,0,0,1,1,0,0
"392","Fridolin Marinus Knobel","Fridolin Marinus Knobel","00709",0,0,0,0,0,0,0,0,0,0,0,0,0,0,0,0,0,0,0,1,0
"393","Wolter Robert van Hoëvell","Wolter Robert Hoëvell","00587",1,0,0,0,0,0,0,0,0,0,0,0,0,0,0,0,0,0,0,0,0
"394","Antony Moens","Antony Moens","00931",0,0,1,1,1,1,1,0,0,0,0,0,0,0,0,0,0,0,0,0,0
"395","Carel van Nispen tot Sevenaer","Carel Marie Brantsen","00197",0,0,0,0,1,1,1,1,0,0,0,0,0,0,0,0,0,0,0,0,0
"396","Antonius Franciscus Vos de Wael","Antonius Franciscus Vos de Wael","01483",0,0,0,0,0,0,0,1,1,1,1,1,0,1,0,0,0,0,0,0,0
"397","George Hermann Hintzen","George Hermann Hintzen","00584",0,0,0,0,0,0,0,0,0,0,0,1,1,1,1,0,0,0,0,0,0
"398","Godert Willem van Dedem ","Godert Willem Dedem","00294",0,0,0,0,0,0,0,0,0,0,0,1,1,0,0,0,0,0,0,0,0
"399","Christiaan Lucasse","Christiaan Lucasse","00849",0,0,0,0,0,0,0,0,0,0,0,1,1,1,1,1,1,0,0,0,0
"400","Floris Willem van Styrum ","Floris Willem Styrum","01324",0,0,0,0,0,0,0,0,0,0,0,0,0,0,1,0,1,0,0,0,0
"401","Antonius van Wijnbergen","Antonius Everdinus Kempen","00678",0,0,0,0,0,0,0,0,0,0,0,0,0,0,0,1,1,1,1,0,0
"402","Pieter Lodewijk Tak","Pieter Lodewijk Tak","01338",0,0,0,0,0,0,0,0,0,0,0,0,0,0,0,0,1,0,0,0,0
"403","Frank van Lennep","Frank Karel Lennep","00806",0,0,0,0,0,0,0,0,0,0,0,0,0,0,0,0,0,1,0,0,0
"404","Gerrit Johan Anne Schimmelpenninck","Gerrit Johan Anne Schimmelpenninck","01201",0,0,0,0,0,0,0,0,0,0,0,0,0,0,0,0,0,1,1,1,0
"405","Gerhard Antony IJssel de Schepper","Gerhard Antony IJssel de Schepper","01586",1,1,1,0,0,0,0,0,0,0,0,0,0,0,0,0,0,0,0,0,0
"406","Joannes Antonius Christianus Arnoldus van Nispen van Sevenaer","Joannes Antonius Christianus Arnoldus Nispen van Sevenaer","00974",1,1,1,1,1,0,0,0,0,0,0,0,0,0,0,0,0,0,0,0,0
"407","Aart Knijff Hzn.","Aart Knijff","00714",0,0,0,0,0,0,0,0,0,0,0,0,0,1,1,0,0,0,0,0,0
"408","Wilhelmus Jacobus Mattheüs Christianus Friesen","Wilhelmus Jacobus Mattheüs Christianus Friesen","00427",0,0,0,0,0,0,0,0,0,0,0,0,0,0,0,1,0,0,0,0,0
"409","Hendrik Pollema","Hendrik Pollema","01048",0,0,0,0,0,0,0,0,0,0,0,0,0,0,0,0,1,1,0,0,0
"410","Eerke Albert Smidt","Eerke Albert Smidt","01271",0,0,0,0,0,0,0,0,0,0,0,0,0,1,1,1,1,1,0,0,0
"411","Johannes Sibinga Mulder","Johannes Sibinga Mulder","01243",0,0,0,0,0,0,0,0,0,0,0,0,0,0,0,0,0,0,1,1,0
"412","Pieter Oud","Pieter Otto","01009",0,0,0,0,0,0,0,0,0,0,0,0,0,0,0,0,0,0,0,1,1
"413","Johannes Georgius Suring","Johannes Georgius Suring","01325",0,0,0,0,0,0,0,0,0,0,0,0,0,0,0,0,0,0,0,0,1
"414","Hyacinthus Constantinus Fredericus Kerstens","Hyacinthus Constantinus Fredericus Kerstens","00686",1,1,1,1,0,0,0,0,0,0,0,0,0,0,0,0,0,0,0,0,0
"415","Cornelis Ascanius van Sypesteyn ","Cornelis Ascanius Sypesteyn","01334",0,0,1,1,1,0,0,0,0,0,0,0,0,0,0,0,0,0,0,0,0
"416","Michiel Johan de Lange","Michiel Johan Lange","00784",0,0,0,1,1,1,0,0,0,0,0,0,0,0,0,0,0,0,0,0,0
"417","Johannes Leonardus Nierstrasz C.Jzn.","Johannes Leonardus Nierstrasz","00968",0,0,0,1,1,1,0,0,0,0,0,0,0,0,0,0,0,0,0,0,0
"418","Theodorus Johannes Antonius Duynstee","Theodorus Johannes Antonius Duynstee","00356",0,0,0,0,0,0,0,0,0,0,0,0,0,0,0,1,1,1,1,1,0
"419","Gerardus Bulten","Gerhardus Bulten","00237",0,0,0,0,0,0,0,0,0,0,0,0,0,0,0,0,0,0,0,1,1
"420","Pieter Hiemstra","Pieter Hiemstra","00580",0,0,0,0,0,0,0,0,0,0,0,0,0,0,0,0,0,0,0,0,1
"421","Marten Kingma Hzn.","Marten Kingma","00700",1,0,0,0,0,0,0,0,0,0,0,0,0,0,0,0,0,0,0,0,0
"422","Barend Brouwer","Barend Brouwer","00215",0,0,0,1,1,0,0,0,0,0,0,0,0,0,0,0,0,0,0,0,0
"423","Petrus Hendrik Holtzman","Petrus Hendrik Holtzman","00594",0,0,0,0,0,1,1,0,0,0,0,0,0,0,0,0,0,0,0,0,0
"424","Jozef Jan Pompe van Meerdervoort","Jozef Jan Pompe van Meerdervoort","01050",0,0,0,0,0,0,1,1,1,0,0,0,0,0,0,1,0,0,0,0,0
"425","Pieter Cornelis 't Hooft","Pieter Cornelis Hooft","00598",0,0,0,0,0,0,1,1,1,0,0,0,0,0,0,0,0,0,0,0,0
"426","Theodoor Philip Mackay ","Theodoor Philip Mackay","00864",0,0,0,0,0,0,1,1,1,1,1,1,1,1,0,0,0,0,0,0,0
"427","Jan Ernst Heeres","Jan Ernst Heeres","00544",0,0,0,0,0,0,0,0,0,0,0,0,0,0,0,0,0,0,1,1,0
"428","Haye Mensonides","Haye Mensonides","00903",1,1,1,0,0,0,0,0,0,0,0,0,0,0,0,0,0,0,0,0,0
"429","Willem Jonckbloet","Willem Jan Knoop","00711",0,1,1,1,1,1,0,0,0,0,0,0,0,0,0,0,0,0,0,0,0
"430","Gerrit Elhorst","Gerrit Elhorst","00376",0,0,0,0,0,0,0,0,0,0,0,0,0,0,0,0,0,1,0,0,0
"431","Asser Benjamin Kleerekooper","Asser Benjamin Kleerekoper","00702",0,0,0,0,0,0,0,0,0,0,0,0,0,0,0,0,0,0,1,0,0
"432","Jan ter Laan","Jan Laan","00772",0,0,0,0,0,0,0,0,0,0,0,0,0,0,0,0,0,0,1,1,1
"433","Suze Groeneweg","Susanna Groeneweg","00488",0,0,0,0,0,0,0,0,0,0,0,0,0,0,0,0,0,0,0,0,1
"434","Petrus Joannes Jacobus Hollingerus Pijpers","Petrus Joannes Jacobus Hollingerus Pijpers","00592",0,1,1,1,0,0,0,0,0,0,0,0,0,0,0,0,0,0,0,0,0
"435","Johannes van Kuijk","Johannes Kuyk","00765",0,0,0,0,1,0,0,0,0,0,0,0,0,0,0,0,0,0,0,0,0
"436","Henri François Rudolf Hubrecht","Henri François Rudolf Hubrecht","00613",0,0,0,0,0,0,0,0,0,0,0,0,0,0,0,1,1,1,0,1,0
"437","Jan Frederik Heemskerk","Jan Frederik Heemskerk","00539",0,0,0,0,0,0,0,0,0,0,0,0,0,0,0,0,0,1,0,0,1
"438","Cornelis Wilhelmus Oomen","Cornelis Wilhelmus Oomen","01002",1,0,0,0,0,0,0,0,0,0,0,0,0,0,0,0,0,0,0,0,0
"439","Petrus Johannes Antonius Smitz","Petrus Johannes Antonius Smitz","01281",0,0,0,1,1,1,0,0,0,0,0,0,0,0,0,0,0,0,0,0,0
"440","Wynandus Gustavus Straetmans","Wynandus Gustavus Straetmans","01318",0,0,0,0,0,0,1,1,1,0,0,0,0,0,0,0,0,0,0,0,0
"441","Jan Meesters ","Jan Meesters","00893",0,0,0,0,0,0,0,0,0,0,0,0,0,1,1,0,0,0,0,0,0
"442","Francis David Schimmelpenninck","Francis David Schimmelpenninck","01199",0,0,0,0,0,0,0,0,0,0,0,0,0,1,1,0,0,0,0,0,0
"443","Boudewijn Nierstrasz","Boudewijn Nierstrasz","00967",0,0,0,0,0,0,0,0,0,0,0,0,0,0,0,0,0,0,1,1,0
"444","Gerrit Adrianus de Raadt","Gerrit Adrianus Raadt","01074",1,1,1,0,0,0,0,0,0,0,0,0,0,0,0,0,0,0,0,0,0
"445","Jan Kappeyne van de Coppello","Johannes Kappeyne van de Coppello","00674",1,1,0,0,1,1,0,0,0,0,0,0,0,0,0,0,0,0,0,0,0
"446","Johannes Albertus Sandberg","Johannes Albertus Sandberg","01168",0,0,0,1,1,1,1,0,0,0,0,0,0,0,0,0,0,0,0,0,0
"447","Jan Schepel","Jan Schepel","01191",0,0,0,0,1,1,1,1,1,1,1,1,1,1,1,0,0,0,0,0,0
"448","Johan Louis de Jonghe","Johan Louis Jonge","00656",0,0,0,0,0,0,1,0,0,0,0,0,0,0,0,0,0,0,0,0,0
"449","Gijsbert Hendrik Thomassen à Thuessink van der Hoop","Gijsbert Hendrik Thomassen à Thuessink van der Hoop van Slochteren","01358",0,0,0,0,0,0,1,1,1,0,0,0,0,0,0,0,0,0,0,0,0
"450","Henri Maarten Anton van der Goes van Dirxland","Henri Maarten Anton Goes van Dirxland","00470",0,0,0,0,0,0,0,0,0,1,1,0,0,0,0,0,0,0,0,0,0
"451","Louis Michiels van Verduynen","Evert Marchie van Voorthuysen","00878",0,0,0,0,0,0,0,0,0,0,0,1,1,1,1,1,1,0,0,0,0
"452","Abraham Frans Karel Hartogh","Abraham Frans Karel Hartogh","00525",0,0,0,0,0,0,0,0,0,1,1,1,1,1,1,0,0,0,0,0,0
"453","Gerrit Willem Melchers","Gerrit Willem Melchers","00899",0,0,0,0,0,0,0,0,0,0,0,0,0,0,0,1,0,0,0,0,0
"454","Rienk van Veen","Rienk Veen","01392",0,0,0,0,0,0,0,0,0,0,0,0,0,0,0,1,1,1,1,1,1
"455","Edsge Marten Teenstra","Edsge Marten Teenstra","01344",0,0,0,0,0,0,0,0,0,0,0,0,0,0,0,0,0,1,1,1,1
"456","Leendert Nicolaas Roodenburg","Leendert Nicolaas Roodenburg","01124",0,0,0,0,0,0,0,0,0,0,0,0,0,0,0,0,0,0,1,1,0
"457","Robert Rudolph Lodewijk de Muralt","Robert Rudolph Lodewijk Muralt","00949",0,0,0,0,0,0,0,0,0,0,0,0,0,0,0,0,0,0,1,1,1
"458","Geert Reinders ","Geert Reinders","01100",1,1,1,1,0,0,0,0,0,0,0,0,0,0,0,0,0,0,0,0,0
"459","Willem Vliegen","Willem Vlugt","01457",0,0,0,0,0,0,0,0,0,0,0,0,0,0,0,0,0,1,1,0,0
"460","Josef van Schaik","Jan Schepel","01191",0,0,0,0,0,0,0,0,0,0,0,0,0,0,0,0,0,0,1,1,1
"461","Martin Pascal Hubert Strens","Martin Pascal Hubert Strens","01319",1,0,0,0,0,0,0,0,0,0,0,0,0,0,0,0,0,0,0,0,0
"462","Gerrit Adriaan Fokker","Gerrit Adriaan Fokker","00414",0,1,1,1,0,0,0,0,0,0,0,0,0,0,0,0,0,0,0,0,0
"463","Philippe Willem van der Sleijden","Philippe Willem Sleyden","01256",0,0,0,0,0,0,1,1,1,1,0,0,0,0,0,0,0,0,0,0,0
"464","Lodewijk Gerard Greeve","Lodewijk Gerard Greeve","00483",0,0,0,0,0,0,0,0,0,1,1,1,0,0,0,0,0,0,0,0,0
"465","Joan Röell","Joan Röell","01118",0,0,0,0,0,1,1,1,1,0,0,1,1,0,0,1,1,0,0,0,0
"466","Iwan de Marchant et d'Ansembourg","Jean Henri Laat de Kanter","00775",0,0,0,0,0,0,0,0,0,0,0,0,1,1,0,0,0,0,0,0,0
"467","Petrus Franciscus Fruytier","Petrus Franciscus Fruytier","00430",0,0,0,0,0,0,0,0,0,0,0,0,0,0,0,1,1,1,1,1,1
"468","Alibert Cornelis Visser van IJzendoorn","Alibert Cornelis Visser van IJzendoorn","01445",0,0,0,0,0,0,0,0,0,0,0,0,0,0,0,0,0,0,1,1,1
"469","Jan Freerks Zijlker","Jan Freerks Zijlker","01608",1,1,1,0,0,0,0,0,0,0,0,0,0,0,0,0,0,0,0,0,0
"470","Jan Elias Nicolaas Schimmelpenninck van der Oye","Jan Elias Nicolaas Schimmelpenninck van der Oye","01204",0,0,0,0,0,0,0,0,1,1,1,1,1,0,0,0,0,0,0,0,0
"471","Hendrik Pyttersen Tzn.","Hendrik Pyttersen","01069",0,0,0,0,0,0,0,0,0,0,0,0,1,1,1,0,0,0,0,0,0
"472","Hendrik Jan van Braambeek","Hendrik Jan Braambeek","00190",0,0,0,0,0,0,0,0,0,0,0,0,0,0,0,0,0,0,0,0,1
"473","Joannes Paulus Theodorus van Nunen","Joannes Paulus Theodorus Nunen","00988",0,0,0,0,0,0,0,0,0,0,0,1,1,0,0,0,0,0,0,0,0
"474","Herman Frederik Groen van Waarder","Herman Frederik Groen van Waarder","00486",0,0,0,0,0,0,0,0,0,0,0,0,0,0,1,0,0,0,0,0,0
"475","Gerrit Jannink ","Gerrit Jannink","00634",0,0,0,0,0,0,0,0,0,0,0,0,0,0,0,0,1,1,1,1,0
"476","Gerrit Simons","Gerrit Simons","01249",0,1,1,1,0,0,0,0,0,0,0,0,0,0,0,0,0,0,0,0,0
"477","Arie Heijkoop","Arie Smit","01273",0,0,0,0,0,0,0,0,0,0,0,0,0,0,0,0,0,0,0,0,1
"478","Jean Henri de Laat de Kanter","Jean Henri Laat de Kanter","00775",0,1,1,0,0,0,0,0,0,0,0,0,0,0,0,0,0,0,0,0,0
"479","Adriaan Marinus Schagen van Leeuwen","Adriaan Marius Schagen van Leeuwen","01183",0,0,0,0,0,1,0,0,0,0,0,0,0,0,0,0,0,0,0,0,0
"480","Johan Hugo Wicher Quirijn ter Spill","Johan Hugo Wicher Quirijn Spill","01289",0,0,0,0,0,0,0,0,0,0,0,0,0,0,0,0,0,0,1,1,0
"481","Jacob Kalff","Jacob Kalff","00668",0,0,0,1,0,0,0,0,0,0,0,0,0,0,0,0,0,0,0,0,0
"482","Petrus Hendrik Roessingh","Petrus Hendrik Roessingh","01120",0,0,0,0,0,0,0,0,0,0,0,0,1,1,1,1,1,1,0,0,0
"483","Jacob Pieter Pompejus van Zuylen van Nijevelt","Jacob Pieter Pompejus Zuylen van Nijevelt","01602",1,1,1,0,0,0,0,0,0,0,0,0,0,0,0,0,0,0,0,0,0
"484","Herman Jacob Kist","Herman Jacob Kist","00701",0,0,0,0,0,0,1,1,1,1,1,0,0,0,0,0,0,0,0,0,0
"485","Lambert de Ram","Martinus Ras","01085",0,0,0,0,0,0,0,0,0,0,0,1,1,1,1,1,1,1,0,0,0
"486","Aris Kool","Aris Kool","00731",0,0,0,0,0,0,0,0,0,0,0,0,0,0,1,0,0,0,0,0,0
"487","Otto Jacob Eifelanus van Wassenaer van Catwijck","Otto Jacob Eifelanus Wassenaer van Catwijck","01510",0,0,0,0,0,0,0,0,0,0,0,0,0,0,0,0,1,0,0,0,0
"488","Petrus Abraham Samuel van Limburg Brouwer","Petrus Abraham Samuel Limburg Brouwer","00823",1,1,1,0,0,0,0,0,0,0,0,0,0,0,0,0,0,0,0,0,0
"489","Pieter Christaan Jacobus Hennequin","Pieter Christiaan Jacobus Hennequin","00562",0,0,0,0,0,0,0,0,0,0,0,0,0,0,1,0,0,0,0,0,0
"490","Willem van Manen Jzn.","Willem Manen","00873",0,0,0,0,0,0,0,0,0,0,0,0,0,0,0,0,1,0,0,0,0
"491","Joannes Coenraad Jansen","Joannes Coenraad Jansen","00635",0,0,0,0,0,0,0,0,0,0,0,0,0,0,0,0,1,1,1,1,0
"492","Willem Hubert Pijls","Willem Hubert Pyls","01065",0,0,0,1,0,0,0,0,0,0,0,0,0,0,0,0,0,0,0,0,0
"493","Arnold Kerdijk","Arnold Kerdijk","00682",0,0,0,0,0,0,0,0,0,0,1,1,1,1,1,0,0,0,0,0,0
"494","Henri François Rudolf Hubrecht","Henri François Rudolf Hubrecht","00613",0,0,0,0,0,0,0,0,0,0,0,0,0,0,0,0,0,0,1,0,0
"495","Cornelis Herman den Hertog","Cornelis Herman Hertog","00567",0,0,0,0,0,0,0,0,0,0,0,0,0,0,0,1,0,0,0,0,0
"496","George Auguste Vorsterman van Oyen","George Auguste Vorsterman van Oijen","01472",0,0,0,0,0,0,0,0,0,0,0,0,0,0,0,0,0,1,0,0,0
"497","Johannes van Leeuwen","Johannes Leeuwen","00796",0,0,0,0,0,0,0,0,0,0,0,0,0,0,0,0,0,0,1,1,0
"498","Æneas Mackay ","Æneas Mackay","00861",1,0,0,0,0,0,0,0,0,0,0,0,0,0,0,0,0,0,0,0,0
"499","Egbert Broer Kielstra","Egbert Broer Kielstra","00696",0,0,0,0,0,0,0,0,1,1,1,0,1,0,0,0,0,0,0,0,0
"500","Jacobus Marinus Pijnacker Hordijk","Jacobus Marinus Pijnacker Hordijk","01067",0,0,0,0,0,0,0,0,0,0,0,0,1,1,1,1,0,0,0,0,0
"501","Gustaaf Eugenius Gijsbert Constant Karel Dommer van Poldersveldt","Gustaaf Eugenius Gijsbert Constant Karel Dommer van Poldersveldt","00327",1,0,0,0,0,0,0,0,0,0,0,0,0,0,0,0,0,0,0,0,0
"502","Paul Therèse van der Maesen de Sombreff","Paul Theresia Maesen de Sombreff","00870",0,1,1,1,1,0,0,0,0,0,0,0,0,0,0,0,0,0,0,0,0
"503","Gerlach Cornelis Joannes van Reenen ","Gerlach Cornelis Joannes Reenen","01092",0,0,1,0,1,0,0,0,0,0,0,0,0,0,0,0,0,0,0,0,0
"504","Constant Maurits Ernst van Löben Sels","Constant Maurits Ernst Löben Sels","00833",0,0,0,0,0,0,0,0,0,0,0,1,1,0,0,0,0,0,0,0,0
"505","Floris Willem van Styrum ","Floris Willem Styrum","01324",0,0,0,0,0,0,0,0,0,0,0,0,0,0,0,1,0,0,0,0,0
"506","Pieter Rudolf Mees","Pieter Rudolf Mees","00888",0,0,0,0,0,0,0,0,0,0,0,0,0,0,0,0,1,0,0,0,0
"507","Jan Samuel François van Hoogstraten","Jan Samuel François Hoogstraten","00601",0,0,0,0,0,0,0,0,0,0,0,0,0,0,0,0,0,1,0,0,0
"508","Franciscus Lieftinck","Franciscus Lieftinck","00815",0,0,0,0,0,1,1,1,1,1,1,1,1,1,1,1,1,1,1,0,0
"509","Isaäc Abraham Levy","Isaäc Abraham Levy","00809",0,0,0,0,0,0,0,0,0,0,1,0,1,0,0,0,0,0,0,0,0
"510","Willem Adriaan Viruly Verbrugge","Willem Adriaan Viruly Verbrugge","01437",1,1,1,1,1,1,1,1,1,1,1,1,0,1,0,0,0,0,0,0,0
"511","Otto Jacob Eifelanus van Wassenaer van Catwijck","Otto Jacob Eifelanus Wassenaer van Catwijck","01510",0,0,0,0,0,0,0,0,0,0,0,1,1,0,0,1,0,1,1,0,0
"512","Pieter Rink","Pieter Rink","01113",0,0,0,0,0,0,0,0,0,0,0,0,1,1,1,1,0,1,1,1,1
"513","Nicolaas Glinderman","Nicolaas Glinderman","00463",0,0,0,0,0,0,0,0,0,0,0,1,0,0,0,0,0,0,0,0,0
"514","Laurentius Nicolaas Deckers","Laurentius Nicolaas Deckers","00292",0,0,0,0,0,0,0,0,0,0,0,0,0,0,0,0,0,0,0,0,1
"515","Antonius Alexis Josephus Meijlink","Antonius Alexis Josephus Meijlink","00918",1,0,0,0,0,0,0,0,0,0,0,0,0,0,0,0,0,0,0,0,0
"516","Joannes Josephus van Mulken","Joannes Josephus Mulken","00947",1,1,1,0,0,0,0,0,0,0,0,0,0,0,0,0,0,0,0,0,0
"517","Jan Jacob Rochussen","Jan Jacob Rochussen","01116",0,1,1,1,0,0,0,0,0,0,0,0,0,0,0,0,0,0,0,0,0
"518","Daniël Koorders","Daniël Koorders","00736",0,0,0,1,0,0,0,0,0,0,0,0,0,0,0,0,0,0,0,0,0
"519","Cornelis Fock","Cornelis Fock","00409",0,0,0,0,1,0,0,0,0,0,0,0,0,0,0,0,0,0,0,0,0
"520","Dionysius Adrianus Petrus Norbertus Koolen","Dionysius Adrianus Petrus Norbertus Koolen","00733",0,0,0,0,0,0,0,0,0,0,0,0,0,0,0,0,1,1,1,1,1
"521","Louis Hermans","Jan Ankerman","00029",0,0,0,0,0,0,0,0,0,0,0,0,0,0,0,0,0,0,0,0,1
"522","Lambertus Eduard Lenting","Lambertus Eduard Lenting","00808",0,0,0,1,1,1,1,0,0,0,0,0,0,0,0,0,0,0,0,0,0
"523","Jan Rudolf Meesters","Jan Rudolf Meesters","00894",0,0,0,0,0,0,0,0,0,1,1,0,0,0,0,0,0,0,0,0,0
"524","Jan Jacob Willinge ","Jan Jacob Willinge","01551",0,0,0,0,0,0,0,0,0,0,0,0,0,1,1,1,0,0,0,0,0
"525","Antonius Everdinus van Kempen","Antonius Everdinus Kempen","00678",0,0,0,0,0,0,0,0,0,0,0,0,0,0,1,1,0,0,0,0,0
"526","Albertus de Jong","Albertus Jong","00647",0,0,0,0,0,0,0,0,0,0,0,0,0,0,0,0,0,1,0,0,0
"527","Maup Mendels","Maurits Mendels","00902",0,0,0,0,0,0,0,0,0,0,0,0,0,0,0,0,0,0,1,1,0
"528","Cornelis Jacob Sickesz","Cornelis Jacob Sickesz","01246",0,0,0,0,0,1,1,0,0,0,0,0,0,0,0,0,0,0,0,0,0
"529","Hubert Philippus de Kanter","Hubert Philippus Kanter","00671",0,0,0,0,0,0,0,0,0,0,0,0,1,1,0,0,0,0,0,0,0
"530","Eduard Ellis van Raalte","Eduard Ellis Raalte","01075",0,0,0,0,0,0,0,0,0,0,0,0,0,0,1,1,0,0,1,1,0
"531","Dirk de Klerk","Dirk Klerk","00704",0,0,0,0,0,0,0,0,0,0,0,0,0,0,1,1,1,1,0,0,0
"532","Pieter van Vliet","Pieter Vliet","01454",0,0,0,0,0,0,0,0,0,0,0,0,0,0,0,1,1,1,1,1,0
"533","Jan Weitkamp","Jan Weitkamp","01514",0,0,0,0,0,0,0,0,0,0,0,0,0,0,0,0,0,0,0,0,1
"534","Asser van Nierop","Ahasverus Samuel Nierop","00963",0,1,1,0,0,0,0,0,0,0,0,0,0,0,0,0,0,0,0,0,0
"535","Joannes Barendinus van Osenbruggen","Johannes Barendinus Osenbruggen","01006",0,0,0,0,0,1,0,1,0,1,0,1,0,0,0,0,0,0,0,0,0
"536","Jan Hubert Joseph Schreinemacher","Jan Hubert Joseph Schreinemacher","01228",0,0,0,0,0,0,0,0,0,0,0,1,1,0,0,0,0,0,0,0,0
"537","Joost van Vollenhoven ","Joost Vollenhoven","01460",0,0,0,0,0,0,0,0,0,0,0,0,0,0,0,0,0,0,1,1,0
"538","Johannes Baptiste van Dijk","Johannes Baptiste Dijk","00363",0,0,0,0,0,0,0,0,0,0,0,0,0,0,0,0,0,0,0,0,1
"539","Johannes van Kuyk","Johannes Kuyk","00765",0,0,0,1,0,0,0,0,0,0,0,0,0,0,0,0,0,0,0,0,0
"540","Sebastiaan Mattheüs Sigismund de Ranitz","Sebastiaan Mattheüs Sigismund Ranitz","01081",0,0,0,0,0,0,0,0,1,1,1,0,0,0,0,0,0,0,0,0,0
"541","Johannes Barendinus van Osenbruggen","Johannes Barendinus Osenbruggen","01006",0,0,0,0,0,0,1,0,1,0,1,0,0,0,0,0,0,0,0,0,0
"542","Willem Rooseboom","Willem Rooseboom","01130",0,0,0,0,0,0,0,0,1,1,1,1,0,0,0,0,0,0,0,0,0
"543","Alexander Willem Frederik Idenburg","Alexander Willem Frederik Idenburg","00623",0,0,0,0,0,0,0,0,0,0,0,0,0,0,0,1,0,0,0,0,0
"544","Hendrik Jan Smidt","Hendrik Jan Smidt","01272",0,0,0,1,1,1,0,0,0,0,0,1,0,0,0,0,0,0,0,0,0
"545","Derk de Ruiter Zijlker","Derk Ruiter Zijlker","01142",0,0,0,1,1,1,1,1,1,1,1,1,0,0,0,0,0,0,0,0,0
"546","Geuchien Zijlma","Geuchien Zijlma","01609",0,0,0,0,0,0,0,0,0,0,0,0,1,1,1,1,1,0,0,0,0
"547","Johannes Krap","Johannes Krap","00750",0,0,0,0,0,0,0,0,0,0,0,0,0,0,1,1,0,0,0,0,0
"548","Hendrik Okma","Hendrik Okma","00995",0,0,0,0,0,0,0,0,0,0,0,0,0,0,0,1,1,0,0,0,0
"549","Goswijn Sannes","Goswijn Willem Sannes","01170",0,0,0,0,0,0,0,0,0,0,0,0,0,0,0,0,0,0,1,1,1
"550","Henri Wttewaall van Stoetwegen","Henri Assuërus Wttewaall van Stoetwegen","01571",0,1,1,0,0,0,0,0,0,0,0,0,0,0,0,0,0,0,0,0,0
"551","Maarten Noordtzij","Maarten Noordtzij","00986",0,0,0,0,0,0,0,0,0,0,0,0,1,0,0,0,0,0,0,0,0
"552","Willem Caspar de Jonge","Willem Caspar Jonge","00657",0,0,0,0,0,0,0,0,0,0,0,0,0,0,0,0,0,0,0,0,1
"553","Jan van Swieten","Jan Swieten","01331",0,1,1,0,0,0,0,0,0,0,0,0,0,0,0,0,0,0,0,0,0
"554","Lodewijk Johan Sigismund van Kempen","Lodewijk Johan Sigismund Kempen","00680",0,0,0,0,0,0,0,0,0,0,0,1,0,0,0,0,0,0,0,0,0
"555","Joseph Matthias Maria Hubertus Merckelbach","Joseph Matthias Maria Hubertus Merckelbach","00904",0,0,0,0,0,0,0,0,0,0,0,0,0,0,1,1,0,0,0,0,0
"556","Jan Schouten ","Jan Schokking","01215",0,0,0,0,0,0,0,0,0,0,0,0,0,0,0,0,0,0,0,0,1
"557","Philippe Willem van der Sleyden","Philippe Willem Sleyden","01256",0,0,0,0,0,0,0,0,0,0,1,0,0,0,0,0,0,0,0,0,0
"558","Jacobus Antonius Nicolaas Travaglino","Jacobus Antonius Nicolaas Travaglino","01374",0,0,0,0,0,0,0,0,0,0,0,1,1,1,1,1,0,0,0,0,0
"559","Alex van Lynden van Sandenburg","Frederik Alexander Carel Lynden van Sandenburg","00858",0,0,0,0,0,0,0,0,0,0,0,0,0,0,0,0,0,1,0,0,0
"560","Willem Julius Emile Herman Marten de Jong","Willem Julius Emile Herman Marten Jong","00655",0,0,0,0,0,0,0,0,0,0,0,0,0,0,0,0,0,0,0,1,0
"561","Walle Melis Oppedijk","Walle Melis Oppedijk","01005",0,0,0,0,0,0,0,0,0,0,0,1,1,0,0,0,0,0,0,0,0
"562","Theo de Meester","Jan Meesters","00893",0,0,0,0,0,0,0,0,0,0,0,0,0,0,0,0,0,1,1,0,0
"563","Henri Polak","Henri Polak","01046",0,0,0,0,0,0,0,0,0,0,0,0,0,0,0,0,0,0,1,0,0
"564","Arie Smit ","Arie Smit","01273",0,0,0,0,0,0,0,0,0,1,1,0,1,1,0,0,0,0,0,0,0
"565","Josephus Theodorus Maria Smits van Oyen","Josephus Theodorus Maria Smits van Oijen","01280",0,0,0,0,0,0,0,0,0,0,0,0,1,1,1,0,0,0,0,0,0
"566","Nicolaas de Ridder","Nicolaas Ridder","01110",0,0,0,0,0,0,0,0,0,0,0,0,0,0,0,1,1,1,0,0,0
"567","Octaaf van Nispen tot Sevenaer","Conrad Theodor Deventer","00303",0,0,0,0,0,0,0,0,0,0,0,0,0,0,0,1,1,1,1,0,0
"568","François Janssen","François Casembroot","00255",0,0,0,0,0,0,0,0,0,0,0,0,0,0,0,0,0,0,0,1,0
"569","Chris Smeenk","Christiaan Smeenk","01270",0,0,0,0,0,0,0,0,0,0,0,0,0,0,0,0,0,0,0,0,1
"570","Willem Anthony Froger","Willem Anthony Froger","00428",0,0,0,0,0,1,0,0,0,0,0,0,0,0,0,0,0,0,0,0,0
"571","Willem Anthonie Froger","Willem Anthony Froger","00428",0,0,0,0,0,0,1,0,0,0,0,0,0,0,0,0,0,0,0,0,0
"572","Joor Bastiaan Verheij","Joor Bastiaan Verheij","01411",0,0,0,0,0,0,0,0,0,0,0,0,0,0,1,1,1,1,0,0,0
"573","Gerrit Adriaan Arnold Middelberg","Gerrit Adriaan Arnold Middelberg","00925",0,0,0,0,0,0,0,0,0,0,0,0,0,0,0,0,0,1,0,0,0
"574","Wilhelmus Johannes Franciscus Juten","Wilhelmus Johannes Franciscus Juten","00665",0,0,0,0,0,0,0,0,0,0,0,0,0,0,0,0,0,0,1,1,1
"575","Hendrik van Loghem","Hendrik Loghem","00838",1,0,0,0,0,0,0,0,0,0,0,0,0,0,0,0,0,0,0,0,0
"576","Simon Taco Land","Simon Taco Land","00781",0,0,0,0,0,0,0,0,0,0,0,1,1,1,0,0,0,0,0,0,0
"577","Rudolf Patijn","Anton Gijn","00499",0,0,0,0,0,0,0,0,0,0,0,0,0,0,0,0,0,1,0,0,0
"578","Johan Hendrik Lasonder","Johan Hendrik Lasonder","00789",0,0,0,0,0,0,0,0,0,0,0,0,0,0,0,0,0,0,1,0,0
"579","Hendrik Spiekman","Hendrik Spiekman","01288",0,0,0,0,0,0,0,0,0,0,0,0,0,0,0,0,0,0,1,1,0
"580","Gerrit Abraham de Meester","Gerrit Abraham Meester","00891",1,0,0,0,0,0,0,0,0,0,0,0,0,0,0,0,0,0,0,0,0
"581","Jan Hendrik Frans Karel van Swinderen","Jan Hendrik Frans Karel Swinderen","01333",0,0,0,0,0,1,0,0,0,0,0,0,0,0,0,0,0,0,0,0,0
"582","Dirk Visser van Hazerswoude","Dirk Visser van Hazerswoude","01444",0,0,0,0,0,0,0,0,0,1,0,1,0,0,0,0,0,0,0,0,0
"583","Dirk Visser van Hazerswoud","Dirk Visser van Hazerswoude","01444",0,0,0,0,0,0,0,0,0,0,1,0,0,0,0,0,0,0,0,0,0
"584","Johan Rudolph Thorbecke","Johan Rudolf Thorbecke","01361",0,1,1,1,0,0,0,0,0,0,0,0,0,0,0,0,0,0,0,0,0
"585","Bernardus Reinierus Franciscus van Vlijmen","Bernardus Reinierus Franciscus Vlijmen","01458",0,0,0,0,0,0,0,0,0,0,0,1,1,1,1,1,1,1,1,1,0
"586","Alexander Dirk Peter Valentijn van Löben Sels","Alexander Dirk Peter Valentijn Löben Sels","00832",0,0,0,0,0,0,0,0,0,0,0,0,0,0,0,1,0,0,0,0,0
"587","Syb Talma","Age Buma","00239",0,0,0,0,0,0,0,0,0,0,0,0,0,0,0,1,1,0,0,0,0
"588","CHU","Age Buma","00239",0,0,0,0,0,0,0,0,0,0,0,0,0,0,0,0,0,0,1,0,0
"589","Henry David Levyssohn Norman","Henry David Levyssohn Norman","00810",0,0,0,0,0,0,0,0,0,0,0,1,1,0,0,0,0,0,0,0,0
"590","Klaas Harshoorn de Jong","Klaas Harshoorn Jong","00650",0,0,0,0,1,1,0,0,0,0,0,0,0,0,0,0,0,0,0,0,0
"591","Jan Willink","Jan Willink","01552",0,0,0,0,0,0,0,0,0,1,1,0,0,0,0,0,0,0,0,0,0
"592","Jacob Adriaan de Wilde","Jacob Adriaan Wilde","01548",0,0,0,0,0,0,0,0,0,0,0,0,0,0,0,0,0,0,0,0,1
"593","Johannes Zaaijer Azn.","Johannes Zaaijer","01591",0,0,0,0,0,0,0,0,0,1,1,1,1,0,0,0,0,0,0,0,0
"594","Frederik de Monté VerLoren","Frederik Herman Monté VerLoren","00940",0,0,0,0,0,0,0,0,0,0,0,0,0,0,0,0,0,1,0,0,0
"595","Piet Haazevoet","Pieter Vliet","01454",0,0,0,0,0,0,0,0,0,0,0,0,0,0,0,0,0,0,0,0,1
"596","Frans Ossendorp","Jan Gennep","00444",0,0,0,0,0,0,0,0,0,0,0,0,0,0,0,0,0,0,0,0,1
"597","Ruurd Klazer Okma","Ruurd Klazer Okma","00996",0,0,0,0,0,0,0,0,0,0,0,1,0,0,0,0,0,0,0,0,0
"598","Albertus Zijlstra","Albertus Zijlstra","01610",0,0,0,0,0,0,0,0,0,0,0,0,0,0,0,0,0,0,0,0,1
"599","Donald Jacob Mackay","Donald Jacob Mackay","00863",0,0,0,0,1,1,0,0,0,0,0,0,0,0,0,0,0,0,0,0,0
"600","Felix Walter","Floris Hartog","00524",0,0,0,0,0,0,0,0,0,0,0,1,1,0,0,0,0,0,0,0,0
"601","Rudolf Johan Hendrik Patijn","Rudolf Johan Hendrik Patijn","01023",0,0,0,0,0,0,0,0,0,0,0,0,0,0,0,0,1,0,1,1,0
"602","Johannes Dirk van der Poel","Johannes Dirk Poel","01041",1,0,0,0,0,0,0,0,0,0,0,0,0,0,0,0,0,0,0,0,0
"603","Arthur Kool","Arthur Kool","00732",0,0,0,0,0,1,1,0,0,0,0,0,0,0,0,0,0,0,0,0,0
"604","Simon van Velzen","Simon Velzen","01404",0,0,0,0,0,0,0,0,0,0,0,1,1,0,0,0,0,0,0,0,0
"605","Jan Oudegeest","Jan Oudegeest","01011",0,0,0,0,0,0,0,0,0,0,0,0,0,0,0,0,0,0,0,0,1
"606","Edmond Robert Hubert Regout","Edmond Robert Hubert Regout","01094",0,0,0,0,0,0,0,0,0,0,0,0,0,0,0,0,0,1,0,0,0
"607","Jan Hendrik de Waal Malefijt","Jan Hendrik Waal Malefijt","01498",0,0,0,0,0,0,0,0,0,0,0,0,0,0,1,1,1,0,0,0,0
"608","Eltjo Rugge","Eltjo Rugge","01140",0,0,0,0,0,0,0,0,0,0,0,0,0,0,0,0,0,0,0,0,1
"609","Cornelis Jacob den Tex","Cornelis Jacob Tex","01352",0,0,0,0,0,0,0,0,0,0,0,0,0,0,0,1,0,0,0,0,0
"610","Frederik Hendrik Karel Ernest de Keverberg van Kessel","Frederik Hendrik Karel Ernest Keverberg van Kessel","00692",1,0,0,0,0,0,0,0,0,0,0,0,0,0,0,0,0,0,0,0,0
"611","Willem Hubert Pyls","Willem Hubert Pyls","01065",0,0,0,0,1,0,0,0,0,0,0,0,0,0,0,0,0,0,0,0,0
"612","Charles Ruijs de Beerenbrouck","Charles Joseph Marie Ruijs de Beerenbrouck","01152",0,0,0,0,0,0,0,0,0,0,0,0,0,0,0,0,1,1,1,1,0
"613","Jan Truijen","Jan Tuin","01381",0,0,0,0,0,0,0,0,0,0,0,0,0,1,1,0,0,0,0,0,0
"614","Nicolaas Pierson ","Nicolaas Glinderman","00463",0,0,0,0,0,0,0,0,0,0,0,0,0,0,0,0,1,0,0,0,0
"615","Lodewijk Thomson","Frederik Bos","00176",0,0,0,0,0,0,0,0,0,0,0,0,0,0,0,0,0,1,0,0,0
"616","Ludolph Anne Jan Wilt Sloet van de Beele","Ludolph Anne Jan Wilt Sloet van de Beele","01259",0,0,0,1,0,0,0,0,0,0,0,0,0,0,0,0,0,0,0,0,0
"617","Edmond Robert Hubert Regout","Edmond Robert Hubert Regout","01094",0,0,0,0,0,0,0,0,0,0,0,0,0,0,0,0,1,0,0,0,0
"618","Kees Kuiper","Evert Kupers","00764",0,0,0,0,0,0,0,0,0,0,0,0,0,0,0,0,0,0,0,0,1
"619","Schaepmannianen","Willem Manen","00873",0,0,0,0,0,0,0,0,0,0,0,0,0,1,0,0,0,0,0,0,0
"620","Klaas Reyne","Klaas Reyne","01106",0,0,0,0,0,0,0,0,0,0,0,0,0,0,0,0,1,0,0,0,0
"621","Eelko Schaafsma","Eelco Schaafsma","01179",0,0,0,0,0,0,0,0,0,0,0,0,0,1,1,0,0,0,0,0,0
"622","Karel Raymakers","Jan Heemskerk","00538",0,0,0,0,0,0,0,0,0,0,0,0,0,0,0,1,0,0,0,0,0
"623","Victor de Stuers","Victor Henri Rutgers","01147",0,0,0,0,0,0,0,0,0,0,0,0,0,0,0,1,1,1,1,0,0
"624","Nanne Sluis Pzn.","Nanne Sluis","01263",0,0,0,0,0,0,0,0,0,0,0,0,0,0,0,1,0,0,0,0,0
"625","Adrianus Cornelis Antonie van Vuuren","Adrianus Cornelis Antonie Vuuren","01494",0,0,0,0,0,0,0,0,0,0,0,0,0,0,0,0,1,1,1,1,1
"626","Theo van der Waerden","Theodorus Waerden","01500",0,0,0,0,0,0,0,0,0,0,0,0,0,0,0,0,0,0,0,0,1
"627","Luutzen de Vries","Luitzen Walles Vries","01488",0,0,0,0,0,0,0,0,0,0,0,1,0,0,0,0,0,0,0,0,0
"628","Willem de Vlugt","Willem Vlugt","01457",0,0,0,0,0,0,0,0,0,0,0,0,0,0,0,0,0,1,0,0,0
"629","Antonius Ignatius Maria Josephus van Wijnbergen","Antonius Ignatius Maria Josephus Wijnbergen","01583",0,0,0,0,0,0,0,0,0,0,0,0,0,0,0,0,0,0,0,1,1
"630","Johannes Antonius Poels","Johannes Antonius Poels","01043",0,0,0,0,0,0,0,0,0,0,0,0,0,0,0,0,0,0,0,0,1
"631","August Lodewijk Willem Seyffardt","August Lodewijk Willem Seyffardt","01242",0,0,0,0,0,0,0,0,0,0,0,1,0,0,0,0,0,0,0,0,0
"632","Jan van Zadelhoff","Jacob Kalff","00668",0,0,0,0,0,0,0,0,0,0,0,0,0,0,0,0,0,0,0,0,1
"633","Paul Reymer","Klaas Reyne","01106",0,0,0,0,0,0,0,0,0,0,0,0,0,0,0,0,0,0,0,0,1
"634","Lodewijk Willem Johan Karel Thomson","Lodewijk Willem Johan Karel Thomson","01359",0,0,0,0,0,0,0,0,0,0,0,0,0,0,0,0,1,0,0,0,0
"635","Franciscus Hubertus van Wichen","Franciscus Hubertus Wichen","01538",0,0,0,0,0,0,0,0,0,0,0,0,0,0,0,1,1,1,1,0,0
"636","Adriaan Marius Schagen van Leeuwen","Adriaan Marius Schagen van Leeuwen","01183",0,0,0,0,0,0,1,0,0,0,0,0,0,0,0,0,0,0,0,0,0
"637","Jacob Dirk Veegens","Jacob Dirk Veegens","01391",0,0,0,0,0,0,0,0,0,0,0,1,1,1,1,0,0,0,0,0,0
"638","Sjoerd Vening Meinesz","Sjoerd Anne Vening Meinesz","01405",0,0,0,0,0,1,1,0,0,0,0,0,0,0,0,0,0,0,0,0,0
"639","Willem Karel Marie Vrolik","Willem Karel Marie Vrolik","01491",0,0,0,0,0,0,0,0,0,0,0,0,1,0,0,0,0,0,0,0,0
"640","Hendrikus Stulemeijer","Hendrikus Stulemeijer","01322",0,0,0,0,0,0,0,0,0,0,0,0,0,0,0,0,0,0,0,0,1
"641","Manta Meindert Schim van der Loeff","Manta Meindert Schim van der Loeff","01198",0,0,0,0,0,0,0,0,0,0,0,0,0,0,0,0,0,0,1,0,0
"642","Isidorus Antonius Swane","Isidorus Antonius Swane","01328",0,0,0,0,0,0,0,0,0,0,0,0,0,0,0,0,0,0,0,0,1
"643","Gerrit de Vries Azn.","Gerrit Vries","01487",0,0,0,0,0,1,0,0,0,0,0,0,0,0,0,0,0,0,0,0,0
"644","Stephanus Martinus van Wijck","Stephanus Martinus Wijck","01573",0,0,0,0,0,0,0,0,0,0,0,0,0,0,0,1,0,0,0,0,0
"645","Jef Wintermans","Jan Ankerman","00029",0,0,0,0,0,0,0,0,0,0,0,0,0,0,0,0,0,0,0,0,1
