"name","name_match","id_match","X1860.1864","X1864.1866","X1866.1868","X1868.1871","X1871.1875","X1875.1879","X1879.1883","X1883.1884","X1884.1886","X1886.1887","X1887.1888","X1888.1891","X1891.1894","X1894.1897","X1897.1901","X1901.1905","X1905.1909","X1909.1913","X1913.1917","X1917.1918","X1918.1922"
"Sebastiaan Hendrik Anemaet","Sebastiaan Hendrik Anemaet","00028",1,0,0,0,0,0,0,0,0,0,0,0,0,0,0,0,0,0,0,0,0
"Sybrand van Beyma thoe Kingma","Sybrand Willem Hendrik Adriaan Beyma thoe Kingma","00110",1,1,1,1,1,0,0,0,0,0,0,0,0,0,0,0,0,0,0,0,0
"Carolus Cornelius Aloysius Beens","Carolus Cornelius Aloysius Beens","00078",1,1,1,0,0,0,0,0,0,0,0,0,0,0,0,0,0,0,0,0,0
"Dirk van Akerlaken","Dirk Akerlaken","00009",0,0,0,1,1,0,0,0,0,0,0,0,0,0,0,0,0,0,0,0,0
"Willem Adriaan Bergsma","Willem Adriaan Bergsma","00102",0,0,0,0,1,1,1,1,0,0,0,0,0,0,0,0,0,0,0,0,0
"Willem Hendrik de Beaufort ","Willem Hendrik Beaufort","00071",0,0,0,0,0,1,1,0,1,1,1,1,1,1,1,0,1,1,1,1,0
"Philippus van Blom","Philippus Blom","00132",0,1,1,1,0,0,1,1,1,0,0,0,0,0,0,0,0,0,0,0,0
"Eilard Jacobus Attema","Eilard Jacobus Attema","00044",0,0,0,0,0,0,0,0,1,0,0,0,0,0,0,0,0,0,0,0,0
"Jacob Willem Gustaaf Booreel van Hogelanden","Jacob Willem Gustaaf Boreel van Hogelanden","00164",0,0,0,0,0,0,0,0,0,0,0,1,1,0,0,0,0,0,0,0,0
"Abraham Bouman","Abraham Bouman","00188",0,0,0,0,0,0,0,0,0,0,0,0,0,1,1,0,0,0,0,0,0
"Klaas de Boer Czn.","Klaas Boer","00144",0,0,0,0,0,0,0,0,0,0,0,0,0,1,1,1,1,0,0,0,0
"Jean Arnoldts","Marie Joseph Goswin Jean Arnoldts","00032",0,0,0,0,0,0,0,0,0,0,0,0,0,0,0,1,0,0,0,0,0
"Piet Aalberse ","Petrus Josephus Mattheüs Aalberse","00001",0,0,0,0,0,0,0,0,0,0,0,0,0,0,0,1,1,1,1,0,0
"Antoine Arts","Antonius Henricus Arnoldus Arts","00034",0,0,0,0,0,0,0,0,0,0,0,0,0,0,0,1,1,1,1,1,1
"Warnardus Cornelis Mathildus Begram","Warnardus Cornelis Mathildus Begram","00082",1,1,1,1,1,1,0,0,0,0,0,0,0,0,0,0,0,0,0,0,0
"Johannes Baptista Bots","Johannes Baptista Bots","00186",1,1,1,1,1,0,0,0,0,0,0,0,0,0,0,0,0,0,0,0,0
"Jan Hendrik Arnoldts","Jan Hendrik Arnoldts","00031",0,0,0,1,1,1,1,0,0,0,0,0,0,0,0,0,0,0,0,0,0
"Titus van Asch van Wijck","Titus Anthony Jacob Asch van Wijck","00042",0,0,0,0,0,0,1,1,1,1,1,1,0,0,0,0,0,0,0,0,0
"Jan van Alphen","Jan Alphen","00019",0,0,0,0,0,0,0,0,1,1,1,1,1,1,1,1,1,0,0,0,0
"Bernardus Marie Bahlmann","Bernardus Marie Bahlmann","00057",0,0,0,0,0,0,1,1,1,1,1,1,1,1,1,0,0,0,0,0,0
"Samuel van den Bergh","Samuel Bergh","00097",0,0,0,0,0,0,0,0,0,0,0,0,0,0,0,0,1,0,0,0,0
"Hubert van Asch van Wijck","Hubert Willem Asch van Wijck","00039",0,0,0,0,0,0,0,0,0,0,0,0,0,0,0,1,1,1,0,0,0
"Willem Dolk","Willem Dolk","00325",0,0,0,0,0,0,0,0,0,0,0,0,0,0,0,1,1,1,1,0,0
"Willem Theodorus Cornelis van Doorn","Willem Theodoor Cornelis Doorn","00337",0,0,0,0,0,0,0,0,0,0,0,0,0,0,0,0,0,0,0,1,0
"Willem Albarda ","Johan Willem Albarda","00011",0,0,0,0,0,0,0,0,0,0,0,0,0,0,0,0,0,0,1,1,1
"Gerardus Henri Betz","Gerardus Henri Betz","00105",1,0,0,0,0,0,0,0,0,0,0,0,0,0,0,0,0,0,0,0,0
"Jouwert Andreae","Jouwert Andreae","00023",0,1,1,0,0,0,0,0,0,0,0,0,0,0,0,0,0,0,0,0,0
"Charles Antoine de Bieberstein Rogalla Zawadsky","Charles Antoine Bieberstein Rogalla Zawadsky","00113",1,1,1,1,1,1,1,0,0,0,0,0,0,0,0,0,0,0,0,0,0
"Matthias Margarethus van Asch van Wijck","Matthias Margarethus Asch van Wijck","00041",0,0,0,0,1,1,1,0,0,0,0,0,0,0,0,0,0,0,0,0,0
"Antonius van Baar","Antonius Johannes Hubertus Baar","00049",0,0,0,0,1,1,1,1,1,1,1,1,0,0,0,0,0,0,0,0,0
"Egbertus Johannes Beumer","Egbertus Johannes Beumer","00106",0,0,0,0,0,0,0,0,0,0,0,0,0,0,0,0,0,0,1,1,1
"Schelto van Heemstra ","Schelto Heemstra","00542",1,1,0,0,0,0,0,0,0,0,0,0,0,0,1,1,1,1,0,0,0
"Willem Maurits de Brauw ","Willem Maurits Brauw","00201",1,1,1,1,1,0,0,0,0,0,0,0,0,0,0,0,0,0,0,0,0
"Ferdinand Hendrik Hubert Borret","Ferdinandus Hendricus Hubertus Borret","00168",0,0,0,1,1,1,1,1,1,1,1,0,0,0,0,0,0,0,0,0,0
"Jacob Leonard de Bruyn Kops","Jacob Leonard Bruijn Kops","00232",0,0,0,1,1,1,1,1,1,1,0,0,0,0,0,0,0,0,0,0,0
"Age Buma","Age Buma","00239",0,0,0,0,0,0,1,1,1,1,1,0,0,0,0,0,0,0,0,0,0
"Arnoldus Hyacinthus Maria van Berckel","Arnoldus Hyacinthus Maria Berckel","00089",0,0,0,0,0,0,0,1,1,1,1,1,1,1,0,0,0,0,0,0,0
"Dirk Bos","Dirk Bos","00175",0,0,0,0,0,0,0,0,0,0,0,0,0,0,0,1,1,1,1,0,0
"Zadok van den Bergh","Zadok Bergh","00099",0,0,0,0,0,0,0,0,0,0,0,0,0,0,0,0,1,0,0,0,0
"Jan Ankerman ","Jan Ankerman","00029",0,0,0,0,0,0,0,0,0,0,0,0,0,0,0,0,0,1,1,1,1
"Jouke Bakker","Jouke Annes Bakker","00059",0,0,0,0,0,0,0,0,0,0,0,0,0,0,0,0,0,0,0,0,1
"Pieter Blussé van Oud-Alblas","Pieter Blussé van Oud-Alblas","00138",1,1,1,1,1,1,1,1,1,1,0,0,0,0,0,0,0,0,0,0,0
"Hubert Alexander Maurits van Asch van Wijck ","Hubert Alexander Maurits Asch van Wijck","00037",1,1,1,0,0,0,0,0,0,0,0,0,0,0,0,0,0,0,0,0,0
"Jeronimo de Bosch Kemper","Jeronimo Bosch Kemper","00178",0,0,0,1,0,0,0,0,0,0,0,0,0,0,0,0,0,0,0,0,0
"Jacob Nicolaas Bastert","Jacob Nicolaas Bastert","00066",0,0,0,0,0,1,1,1,0,0,0,0,0,1,1,0,0,0,0,0,0
"François de Casembroot","François Casembroot","00255",0,0,1,1,1,1,1,0,0,0,0,0,0,0,0,0,0,0,0,0,0
"Jan Reijnaud Corver Hooft","Jan Reijnaud Corver Hooft","00273",0,0,0,0,0,1,1,1,1,1,0,0,0,0,0,0,0,0,0,0,0
"Herman Agatho des Amorie van der Hoeven","Herman Agatho Amorie van der Hoeven","00022",0,0,0,0,0,1,1,1,1,0,0,0,0,0,0,0,0,0,0,0,0
"Pierre Louis François Blussé","Pierre Louis François Blussé","00137",0,0,0,0,0,0,0,0,0,0,1,0,0,0,0,0,0,0,0,0,0
"Hugo van Gijn","Simon Marius Hugo Gijn","00500",0,0,0,0,0,0,0,0,0,0,0,1,1,1,1,1,1,0,0,0,0
"Carel Jan Emilius van Bylandt","Carel Jan Emilius Bylandt","00243",0,0,0,0,0,0,0,0,0,0,0,0,0,1,1,0,0,0,0,0,0
"Jan Frederik Willem Conrad","Jan Frederik Willem Conrad","00264",0,0,0,0,0,0,0,0,0,0,0,0,1,1,1,1,0,0,0,0,0
"Willem Theodoor Cornelis van Doorn","Willem Theodoor Cornelis Doorn","00337",0,0,0,0,0,0,0,0,0,0,0,0,0,0,0,0,1,1,1,0,1
"Carel Marius Storm van 's-Gravesande","Carel Marius Storm van 's-Gravesande","01316",1,1,1,1,1,1,0,0,0,0,0,0,0,0,0,0,0,0,0,0,0
"Jan Willem van Loon","Jan Willem Loon","00841",0,0,0,1,1,1,0,0,0,0,0,0,0,0,0,0,0,0,0,0,0
"Pieter Johannes Gesinus van Diggelen","Pieter Johannes Gesinus Diggelen","00314",0,0,0,0,0,0,0,0,0,1,1,0,0,0,0,0,0,0,0,0,0
"Rutger Jan Schimmelpenninck van Nijenhuis","Rutger Jan Schimmelpenninck van Nijenhuis","01202",1,1,0,0,1,1,1,1,1,0,0,1,0,0,0,0,0,0,0,0,0
"Boelo Tijdens","Boelo Luitjen Tijdens","01385",0,0,0,0,0,0,0,0,0,0,0,0,1,1,1,0,0,0,0,0,0
"Frederik van Bylandt","Willem Karel Frederik Pieter Bylandt","00245",0,0,0,0,0,0,1,1,1,1,1,1,1,1,1,1,1,1,1,0,0
"Jan Duijs","Jan Eliza Wilhelm Duijs","00357",0,0,0,0,0,0,0,0,0,0,0,0,0,0,0,0,0,1,1,1,1
"Eeltjo van Beresteyn","Eltjo Aldegondus Beresteyn","00090",0,0,0,0,0,0,0,0,0,0,0,0,0,0,0,0,0,0,1,1,1
"Isaäc Theodorus ter Bruggen Hugenholtz","Isaäc Theodorus Ter Bruggen Hugenholtz","00222",1,1,0,0,0,0,0,0,0,0,0,0,0,0,0,0,0,0,0,0,0
"Pieter Lodewijk de Lom de Berg","Pieter Lodewijk Lom de Berg","00839",1,1,1,0,0,0,0,0,0,0,0,0,0,0,0,0,0,0,0,0,0
"Jan Willem Gefken","Jan Willem Gefken","00440",0,0,0,1,0,0,0,0,0,0,0,0,0,0,0,0,0,0,0,0,0
"Herman Cornelis Verniers van der Loeff","Herman Cornelis Verniers van der Loeff","01424",0,0,0,0,0,1,0,1,1,1,1,1,0,0,0,0,0,0,0,0,0
"Rutger Alexander Wilhelm Sluiter","Rutger Alexander Wilhelm Sluiter","01266",0,0,0,0,0,0,0,0,1,0,0,0,0,0,0,0,0,0,0,0,0
"Ferdinand Domela Nieuwenhuis","Ferdinand Domela Nieuwenhuis","00326",0,0,0,0,0,0,0,0,0,0,0,1,0,0,0,0,0,0,0,0,0
"Adriaan Louis Poelman","Adriaan Louis Poelman","01042",0,0,0,0,0,0,0,0,0,0,0,0,1,0,0,0,0,0,0,0,0
"Theodore Matthieu Ketelaar","Theodore Matthieu Ketelaar","00689",0,0,0,0,0,0,0,0,0,0,0,0,0,0,1,1,1,1,1,1,1
"Willem Helsdingen","Willem Pieter Gerardus Helsdingen","00557",0,0,0,0,0,0,0,0,0,0,0,0,0,0,0,1,1,1,1,1,1
"Frederik Willem Nicolaas Hugenholtz","Frederik Willem Nicolaas Hugenholtz","00615",0,0,0,0,0,0,0,0,0,0,0,0,0,0,0,1,1,1,1,1,1
"Cornelis Johan Adriaan Bichon van IJsselmonde","Cornelis Johan Adriaan Bichon van IJsselmonde","00111",0,0,0,0,0,0,0,0,0,0,0,0,0,0,0,0,0,1,1,1,0
"Hendrik Coenraad Dresselhuijs","Hendrik Coenraad Dresselhuys","00341",0,0,0,0,0,0,0,0,0,0,0,0,0,0,0,0,0,0,1,1,1
"Willem Hendrik Dullert","Willem Hendrik Dullert","00349",1,1,1,1,1,1,1,0,0,0,0,0,0,0,0,0,0,0,0,0,0
"Michel Henry Godefroi","Michel Henry Godefroi","00464",1,1,1,1,1,1,1,0,0,0,0,0,0,0,0,0,0,0,0,0,0
"Charles Jean François Mirandolle","Charles Jean François Mirandolle","00930",0,0,0,1,1,1,1,1,0,0,0,0,0,0,0,0,0,0,0,0,0
"Pierre Guillaume Jean van der Schrieck","Pierre Guillaume Jean Schrieck","01229",0,0,0,0,0,1,1,1,1,1,1,1,1,1,0,0,0,0,0,0,0
"Willem Karel van Dedem","Willem Karel Dedem","00295",0,0,0,0,0,0,1,1,1,1,1,1,0,0,0,0,0,0,0,0,0
"Abraham van Laer","Abraham Laer","00776",0,0,0,0,0,0,0,1,0,0,0,0,0,0,0,0,0,0,0,0,0
"Leonard Frans Hubert Carl Ruland","Leonard Frans Hubert Carl Ruland","01143",0,0,0,0,0,0,0,0,1,1,1,1,0,0,0,0,0,0,0,0,0
"Meinard Tydeman ","Meinard Tydeman","01384",0,0,0,0,0,0,0,0,0,0,0,0,1,1,1,1,1,1,1,0,0
"Henri van Kol","Henri Hubert Kol","00723",0,0,0,0,0,0,0,0,0,0,0,0,0,0,1,1,1,0,0,0,0
"Jan Schokking","Jan Schokking","01215",0,0,0,0,0,0,0,0,0,0,0,0,0,0,0,1,1,0,0,0,1
"Geert van der Zwaag","Geert Lourens Zwaag","01604",0,0,0,0,0,0,0,0,0,0,0,0,0,0,1,1,1,0,0,0,0
"Jean Baptiste Louis Corneille Charles de Wijkerslooth de Weerdesteyn","Jean Baptiste Louis Corneille Charles Wijkerslooth de Weerdesteyn","01580",0,0,0,0,0,0,0,0,0,0,0,0,0,0,0,0,0,1,1,0,1
"Maximilien Joseph Caspar Marie Kolkman","Maximilien Joseph Caspar Marie Kolkman","00727",0,0,0,0,0,0,0,1,1,1,1,1,1,1,1,1,1,0,1,1,1
"Willem Hendrik de Buisonjé","Willem Hendrik Buisonjé","00236",0,0,0,0,0,0,0,0,0,0,0,0,0,0,0,0,0,0,0,0,1
"Daniël van Eck","Daniël Eck","00368",1,1,1,1,1,1,1,1,0,0,0,0,0,0,0,0,0,0,0,0,0
"François Willem Cornelis Blom","François Willem Cornelis Blom","00130",1,1,1,1,1,1,0,0,0,0,0,0,0,0,0,0,0,0,0,0,0
"Sybrand Hingst","Sybrand Hingst","00583",0,0,1,1,1,1,1,1,1,0,0,0,0,0,0,0,0,0,0,0,0
"Jan Heemskerk Azn.","Jan Heemskerk","00537",1,0,0,1,1,0,0,0,0,0,0,0,0,0,0,0,0,0,0,0,0
"Æneas Mackay ","Æneas Mackay","00862",0,0,0,0,0,1,1,1,1,1,1,0,1,1,1,1,0,0,0,0,0
"Johannes Hendricus Donner","Johannes Hendricus Donner","00334",0,0,0,0,0,0,1,1,1,0,1,1,1,1,1,0,0,0,0,0,0
"Ulrich Herman Huber ","Ulrich Herman Huber","00612",0,0,0,0,0,0,0,1,1,1,1,1,1,0,0,0,0,0,0,0,0
"Jan van den Biesen","Jan Jacob Willem Biesen","00118",0,0,0,0,0,0,0,0,1,1,1,0,0,0,0,0,0,0,0,0,0
"Carel Marie Brantsen","Carel Marie Brantsen","00197",0,0,0,0,0,0,0,0,0,0,0,1,0,0,0,0,0,0,0,0,0
"Jacobus Petrus Havelaar","Jacob Petrus Havelaar","00530",0,0,0,0,0,0,0,0,0,0,0,0,1,0,0,0,0,0,0,0,0
"Johannes Theodoor de Visser","Johannes Theodoor Visser","01446",0,0,0,0,0,0,0,0,0,0,0,0,0,0,1,1,1,1,1,1,0
"Gerrit de Jongh","Gerrit Johannes Jongh","00662",0,0,0,0,0,0,0,0,0,0,0,0,0,0,0,0,0,1,0,0,0
"Pieter Otto","Pieter Otto","01009",0,0,0,0,0,0,0,0,0,0,0,0,0,0,0,0,0,0,1,1,1
"Henricus Gerardus Maria Hermans","Henricus Gerardus Maria Hermans","00563",0,0,0,0,0,0,0,0,0,0,0,0,0,0,0,0,0,0,0,1,1
"Willem van Ravesteyn","Willem Ravesteyn","01086",0,0,0,0,0,0,0,0,0,0,0,0,0,0,0,0,0,0,0,0,1
"Willem Theodore Gevers Deynoot ","Willem Theodore Gevers Deynoot","00455",1,0,0,0,1,1,0,0,0,0,0,0,0,0,0,0,0,0,0,0,0
"Ernest Louis van Hardenbroek van Lockhorst ","Ernest Louis Hardenbroek van Lockhorst","00519",0,0,1,1,1,0,0,0,0,0,0,0,0,0,0,0,0,0,0,0,0
"Jan Pieter Bredius ","Jan Pieter Bredius","00202",0,0,0,1,1,1,1,0,0,0,0,0,0,0,0,0,0,0,0,0,0
"Harry Barge","Charles Augustus Henry Barge","00063",0,0,0,0,0,1,1,0,0,0,0,0,0,0,0,0,0,0,0,0,0
"Victor Nyst","Matthëus Victor Nyst","00993",0,0,0,0,0,0,1,0,0,0,0,0,0,0,0,0,0,0,0,0,0
"Johan Pieter Idus Buteux","Johan Pieter Idus Buteux","00242",0,0,0,0,0,0,0,0,0,1,1,0,0,0,0,0,0,0,0,0,0
"Willem Mutsaers","Wilhelmus Petrus Adrianus Mutsaers","00951",0,0,0,0,0,0,0,0,0,0,0,1,1,1,1,1,0,0,0,0,0
"Gustave Louis Marie Hubert Ruijs de Beerenbrouck","Gustave Louis Marie Hubert Ruijs van Beerenbroek","01154",0,0,0,0,0,0,1,1,1,1,1,0,1,0,0,0,0,0,0,0,0
"Jan Loeff","Johannes Alouisius Loeff","00835",0,0,0,0,0,0,0,0,0,0,0,0,0,1,1,0,1,1,1,1,1
"Willem Hendrik Bogaardt","Willem Hendrik Bogaardt","00150",0,0,0,0,0,0,0,0,0,0,0,0,0,0,0,0,1,0,0,1,1
"Jan Gerrit Scheurer","Jan Gerrit Scheurer","01194",0,0,0,0,0,0,0,0,0,0,0,0,0,0,0,0,0,1,1,1,1
"Jan van den Tempel","Jan Tempel","01347",0,0,0,0,0,0,0,0,0,0,0,0,0,0,0,0,0,0,1,1,1
"Arie de Zeeuw","Arie Bastiaan Zeeuw","01596",0,0,0,0,0,0,0,0,0,0,0,0,0,0,0,0,0,0,0,1,1
"Frederik Bos","Frederik Bos","00176",0,0,0,0,0,0,0,0,0,0,0,0,0,0,0,0,0,0,0,0,1
"Jan Heemskerk Bzn.","Jan Heemskerk","00538",1,1,1,1,1,0,0,0,0,0,0,0,0,0,0,0,0,0,0,0,0
"Jacob Dirks","Jacob Dirks","00315",1,1,1,0,0,0,0,0,0,0,0,0,0,0,0,0,0,0,0,0,0
"Marinus Bichon van IJsselmonde","Marinus Bichon van IJsselmonde","00112",0,0,1,1,1,1,1,1,0,0,0,0,0,0,0,0,0,0,0,0,0
"Theo van Lynden van Sandenburg","Constantijn Theodoor Lynden van Sandenburg","00857",0,1,1,1,1,0,0,0,0,0,0,0,0,0,0,0,0,0,0,0,0
"Johannes Tak van Poortvliet","Johannes Dirk Poel","01041",0,0,0,1,1,1,1,1,0,0,0,1,0,1,1,0,0,0,0,0,0
"Herman Jacob Dijckmeester ","Herman Jacob Dijckmeester","00360",0,0,0,0,0,1,1,1,0,1,1,1,1,0,0,0,0,0,0,0,0
"Frederik Willem Jacob van Aylva van Pellandt","Frederik Willem Jacob Aylva baron van Pallandt","00046",0,0,0,0,0,0,0,0,0,0,1,0,0,0,0,0,0,0,0,0,0
"Henri Daniël Guyot","Henri Daniël Guyot","00498",0,0,0,0,0,0,0,0,0,0,0,1,1,1,0,0,0,0,0,0,0
"Theodorus Lebuïnus Maria Hubertus Borret","Theodorus Lebuïnus Maria Hubertus Borret","00169",0,0,0,0,0,0,0,0,0,0,0,1,1,1,0,0,0,0,0,0,0
"Jan Hendrik Jacob Quarles van Ufford","Jan Hendrik Jacob Quarles van Ufford","01070",0,0,0,0,0,0,0,0,0,0,0,0,0,1,0,0,0,0,0,0,0
"Schelto van Citters","Schelto Citters","00256",0,0,0,0,0,0,0,0,0,0,0,0,0,0,0,0,1,0,0,0,0
"Anthon Gerrit Aemile van Rappard ","Anthon Gerrit Æmile Rappard","01082",0,0,0,0,0,0,0,0,0,0,0,0,0,0,0,0,0,0,0,1,1
"Henri ter Hall","Hendrik Johannes Hall","00514",0,0,0,0,0,0,0,0,0,0,0,0,0,0,0,0,0,0,0,0,1
"Wieger Hendrikus Idzerda","Wieger Hendrikus Idzerda","00625",1,1,0,0,1,1,1,0,0,0,0,0,0,0,0,0,0,0,0,0,0
"Menso Johannes Pijnappel","Menso Johannes Pijnappel","01068",0,0,1,1,0,0,0,0,0,0,0,0,0,1,0,0,0,0,0,0,0
"Aloysius Franciscus Xaverius Luyben","Aloysius Franciscus Xaverius Luyben","00851",1,1,1,1,1,1,1,0,0,0,0,0,0,0,0,0,0,0,0,0,0
"Isaäc Lambertus Cremer van den Berch van Heemstede","Isaäc Lambertus Cremer van den Berch van Heemstede","00088",0,0,0,0,1,1,0,0,0,0,0,0,0,0,0,0,0,0,0,0,0
"Alexander Schimmelpenninck van der Oye ","Alexander Schimmelpenninck van der Oye","01203",0,0,0,0,1,1,1,1,0,1,1,1,0,0,0,0,0,0,0,0,0
"Herman Schaepman","Hermanus Johannes Aloysius Maria Schaepman","01180",0,0,0,0,0,0,1,1,1,1,1,1,1,1,1,1,0,0,0,0,0
"Gerard Jacob Theodoor Beelaerts van Blokland","Gerard Jacob Theodoor Beelaerts van Blokland","00076",0,0,0,0,0,0,0,1,1,1,1,1,1,1,0,0,0,0,0,0,0
"Jacob Theodoor Cremer","Jacob Theodoor Cremer","00279",0,0,0,0,0,0,0,0,1,1,1,1,1,1,0,1,0,0,0,0,0
"Carel Victor Gerritsen","Carel Victor Gerritsen","00450",0,0,0,0,0,0,0,0,0,0,0,0,1,1,0,0,0,0,0,0,0
"Wiel Nolens","Wilhelmus Hubertus Nolens","00981",0,0,0,0,0,0,0,0,0,0,0,0,0,1,1,1,1,1,1,1,1
"Andries Popke Staalman","Andries Popke Staalman","01293",0,0,0,0,0,0,0,0,0,0,0,0,0,1,1,1,0,0,0,0,1
"Arie Colijn","Anthonie Colijn","00262",0,0,0,0,0,0,0,0,0,0,0,0,0,0,0,0,0,0,0,1,1
"Abraham Staalman","Abraham Staalman","01292",0,0,0,0,0,0,0,0,0,0,0,0,0,0,0,0,0,0,0,0,1
"Franciscus Johannes Jespers","Franciscus Johannes Jespers","00642",1,1,1,0,0,0,0,0,0,0,0,0,0,0,0,0,0,0,0,0,0
"Cornelis van Foreest ","Cornelis Foreest","00416",1,1,1,1,1,0,0,0,0,0,0,0,0,0,0,0,0,0,0,0,0
"Franciscus Johannes Emilius van Zinnicq Bergmann","Franciscus Joannes Emilius Zinnicq Bergmann","01601",0,0,1,1,1,1,0,0,0,0,0,0,0,0,0,0,0,0,0,0,0
"Frederik Willem Jacob van Aylva van Pallandt","Frederik Willem Jacob Aylva baron van Pallandt","00046",0,0,0,0,0,0,0,0,1,1,0,0,0,0,0,0,0,0,0,0,0
"Willem Cornelis Johannes Josephus Cremers","Willem Cornelis Johannes Josephus Cremers","00282",0,0,0,0,0,0,0,0,0,0,1,1,0,0,0,0,0,0,0,0,0
"Hendrik Johannes Bool","Hendrik Johannes Bool","00160",0,0,0,0,0,0,0,0,0,0,0,1,1,0,0,0,0,0,0,0,0
"Hendrik Adriaan van Beuningen","Hendrik Adriaan Beuningen","00107",0,0,0,0,0,0,0,0,0,0,0,0,1,0,0,0,0,0,0,0,0
"Adrien Jonathan Rethaan Macaré","Adrien Jonathan Rethaan Macaré","01101",0,0,0,0,0,0,0,0,0,0,0,0,0,1,1,0,0,0,0,0,0
"François Isidore Joseph Janssen","Franciscus Isidorus Josephus Janssen","00638",0,0,0,0,0,0,0,0,0,0,0,0,0,0,0,1,1,1,1,0,0
"Johan Heinrich Blum","Johan Heinrich Blum","00135",0,0,0,0,0,0,0,0,0,0,0,0,0,0,0,0,0,1,0,0,0
"Willem Otto Adriaan Koster","Willem Otto Adriaan Koster","00742",0,0,0,0,0,0,0,0,0,0,0,0,0,0,0,0,0,0,1,1,0
"Jan Hendrik Joseph Beckers","Jan Hendrik Joseph Beckers","00072",0,0,0,0,0,0,0,0,0,0,0,0,0,0,0,1,1,1,1,1,0
"Gijsbertus Martinus van der Linden","Gijsbertus Martinus Linden","00828",1,1,1,1,1,1,1,1,1,1,1,0,0,0,0,0,0,0,0,0,0
"Willem Groen van Prinsterer","Guillaume Groen van Prinsterer","00485",1,1,0,0,0,0,0,0,0,0,0,0,0,0,0,0,0,0,0,0,0
"Willem Jan Knoop","Willem Jan Knoop","00711",0,0,0,1,0,0,0,0,0,0,0,0,0,0,0,0,0,0,0,0,0
"Jan Stoffel","Jan Stoffel","01305",0,0,0,0,0,0,0,0,0,0,0,0,0,0,1,0,0,0,0,0,0
"Hendrik Bijleveld ","Hendrik Bijleveld","00246",0,0,0,0,0,0,0,0,0,0,0,0,0,0,0,1,0,0,0,0,0
"Bernardus Dirks Eerdmans","Bernardus Dirks Eerdmans","00369",0,0,0,0,0,0,0,0,0,0,0,0,0,0,0,0,0,0,1,1,0
"Adolf Robbert van de Laar","Adolf Robbert Laar","00774",0,0,0,0,0,0,0,0,0,0,0,0,0,0,0,0,0,0,0,0,1
"Karel Adrianus Meeussen","Karel Adrianus Meeussen","00895",1,0,0,0,0,0,0,0,0,0,0,0,0,0,0,0,0,0,0,0,0
"Willem Hendrik van Idzerda","Wieger Hendrikus Idzerda","00625",0,0,0,1,0,0,0,0,0,0,0,0,0,0,0,0,0,0,0,0,0
"Herman Albrecht Insinger","Herman Albrecht Insinger","00628",0,0,1,1,1,1,1,1,0,0,0,0,0,0,0,0,0,0,0,0,0
"Isaäc Burchard Diederik van den Berch van Heemstede","Isaäc Burchard Diederik Berch van Heemstede","00087",0,0,0,0,0,0,0,0,0,0,0,0,1,1,1,1,1,1,1,0,0
"Willy Kruyt","John William Kruyt","00757",0,0,0,0,0,0,0,0,0,0,0,0,0,0,0,0,0,0,0,0,1
"Nicolaas Olivier","Nicolaas Olivier","01000",1,0,1,1,0,0,0,0,0,0,0,0,0,0,0,0,0,0,0,0,0
"Pieter Philip van Bosse","Pieter Philip Bosse","00184",1,1,0,1,0,0,0,0,0,0,0,0,0,0,0,0,0,0,0,0,0
"Leopold Haffmans","Johannes Hendrik Leopold Haffmans","00508",0,0,1,1,1,1,1,1,1,1,1,1,1,1,0,0,0,0,0,0,0
"Idzerd Frans van Humalda van Eysinga","Idzerd Frans Humalda van Eysinga","00618",0,0,0,0,0,0,1,1,0,0,0,0,0,0,0,0,0,0,0,0,0
"Wilco Julius van Welderen Rengers","Wilco Julius Welderen baron Rengers","01518",0,0,0,0,0,0,0,1,1,1,1,0,0,0,0,0,0,0,0,0,0
"Hubert Joachim Brouwers","Hubert Joachim Brouwers","00217",0,0,0,0,0,1,1,1,1,1,1,1,0,0,0,0,0,0,0,0,0
"Jean Gustave Stanislas Bevers","Jean Gustave Stanislas Bevers","00108",0,0,0,0,0,0,0,0,0,0,0,1,1,0,0,0,0,0,0,0,0
"Henri Marchant","Hendrik Pieter Marchant","00875",0,0,0,0,0,0,0,0,0,0,0,0,0,0,1,1,1,1,1,1,1
"Willem Treub","Marie Willem Frederik Treub","01375",0,0,0,0,0,0,0,0,0,0,0,0,0,0,0,1,1,1,0,0,1
"Hendrik Lodewijk Drucker","Hendrik Lodewijk Drucker","00348",0,0,0,0,0,0,0,0,0,0,0,0,0,1,1,1,1,1,0,0,0
"Anthony Brummelkamp jr.","Anthony Brummelkamp","00228",0,0,0,0,0,0,0,0,0,0,0,0,0,0,1,1,1,1,1,1,0
"Harm Kolthek","Harm Kolthek","00728",0,0,0,0,0,0,0,0,0,0,0,0,0,0,0,0,0,0,0,0,1
"Johannes Hendricus Hubertus de Poorter","Johannes Hendricus Hubertus Poorter","01054",1,1,1,0,0,0,0,0,0,0,0,0,0,0,0,0,0,0,0,0,0
"Jan Zijp Kzn.","Jan Zijp","01613",0,0,0,0,0,0,0,0,0,0,0,1,1,1,0,0,0,0,0,0,0
"Willem Henricus Jacobus Theodorus van Basten Batenburg","Willem Henricus Jacobus Theodorus Basten Batenburg","00065",0,0,0,0,0,0,0,0,0,0,0,0,0,1,1,0,0,0,0,0,0
"Johannes Franciscus Jansen","Johannes Franciscus Jansen","00636",0,0,0,0,0,0,0,0,0,0,0,0,0,0,1,0,0,0,0,0,0
"Willem van der Vlugt","Willem Vlugt","01457",0,0,0,0,0,0,0,0,0,0,0,0,0,0,0,1,1,0,0,0,0
"Walrave Boissevain","Walrave Boissevain","00152",0,0,0,0,0,0,0,0,0,0,0,0,0,0,0,0,0,0,1,1,0
"Willem Wijk","Wilhelmus Wijk","01577",0,0,0,0,0,0,0,0,0,0,0,0,0,0,0,0,0,0,0,0,1
"Karel Arnold Poortman","Karel Arnoldus Poortman","01055",1,1,0,0,0,0,0,0,0,0,0,0,0,0,0,0,0,0,0,0,0
"Jan Karel van Goltstein","Jan Karel Goltstein","00473",1,1,1,1,0,0,0,0,0,0,0,0,0,0,0,0,0,0,0,0,0
"Levinus Wilhelmus Christiaan Keuchenius","Levinus Wilhelmus Christiaan Keuchenius","00691",0,1,1,0,0,0,1,1,1,1,1,1,1,0,0,0,0,0,0,0,0
"Pieter Hendrik Saaymans Vader","Pieter Hendrik Saaymans Vader","01166",0,0,1,1,1,1,0,0,0,0,0,0,0,0,0,0,0,0,0,0,0
"Allard van der Borch van Verwolde ","Allard Philip Reinier Carel Borch van Verwolde","00163",0,0,0,0,0,0,0,1,1,1,1,1,1,0,1,1,1,1,0,0,0
"Eppo Cremers","Epimachus Jacobus Johannes Baptista Cremers","00280",0,0,0,1,1,1,1,1,1,1,1,1,0,0,0,0,0,0,0,0,0
"Antoine Plate","Antoine Plate","01036",0,0,0,0,0,0,0,0,0,0,0,0,1,1,0,0,1,0,0,0,0
"Albertus van Delden","Albertus Delden","00299",0,1,1,1,1,1,1,1,1,1,1,1,1,1,1,0,0,0,0,0,0
"Pieter Jelles Troelstra","Pieter Jelles Troelstra","01376",0,0,0,0,0,0,0,0,0,0,0,0,0,0,1,1,1,1,1,1,1
"Cornelis Frans Jacobus Blooker ","Cornelis Frans Jacobus Blooker","00134",0,0,0,0,0,0,0,0,0,0,0,0,0,0,0,0,1,0,0,0,0
"Pieter van Foreest ","Pieter Foreest","00417",0,0,0,0,0,0,0,0,0,0,0,0,0,0,0,1,1,1,1,1,0
"Dirk Jan de Geer","Dirk Jan Geer","00432",0,0,0,0,0,0,0,0,0,0,0,0,0,0,0,0,1,1,1,1,1
"Jan van Rijzewijk","Joannes Rijzewijk","01165",0,0,0,0,0,0,0,0,0,0,0,0,0,0,0,0,0,0,0,0,1
"Johan Rudolf Thorbecke","Johan Rudolf Thorbecke","01361",1,0,0,0,0,0,0,0,0,0,0,0,0,0,0,0,0,0,0,0,0
"Petrus van der Veen","Petrus Veen","01395",1,1,1,0,0,0,0,0,0,0,0,0,0,0,0,0,0,0,0,0,0
"Otto van Rees ","Otto Rees","01093",0,0,0,0,1,1,1,1,0,0,0,0,0,0,0,0,0,0,0,0,0
"Johan George Gleichman","Johan George Gleichman","00462",0,0,0,0,0,0,1,1,1,1,1,1,1,1,1,0,0,0,0,0,0
"Frederic Joseph Maria Anton Reekers","Frederic Joseph Maria Anton Reekers","01091",0,0,0,0,0,0,1,1,1,1,1,1,1,0,0,0,0,0,0,0,0
"Franciscus Theodorus Johannes Hubertus Dobbelmann","Franciscus Theodorus Johannes Hubertus Dobbelmann","00318",0,0,0,0,0,0,0,0,0,0,0,1,1,1,1,0,0,0,0,0,0
"Jan Schaper","Johan Hendrik Andries Schaper","01189",0,0,0,0,0,0,0,0,0,0,0,0,0,0,1,1,1,1,1,1,1
"Alexander van Dedem","Alexander Dedem","00293",0,0,0,0,0,0,1,1,1,1,1,1,1,1,1,1,1,1,0,0,0
"Albertus Nicolaas Fleskens","Albertus Nicolaas Fleskens","00408",0,0,0,0,0,0,0,0,0,0,0,0,0,0,0,0,0,1,1,1,1
"Conrad Theodor van Deventer","Conrad Theodor Deventer","00303",0,0,0,0,0,0,0,0,0,0,0,0,0,0,0,0,1,0,1,0,0
"Johan Brautigam","Johan Brautigam","00200",0,0,0,0,0,0,0,0,0,0,0,0,0,0,0,0,0,0,0,0,1
"Rembertus Westerhoff","Rembertus Westerhoff","01527",1,1,1,1,1,0,0,0,0,0,0,0,0,0,0,0,0,0,0,0,0
"Mari Aert Frederic Henri Hoffmann","Mari Aert Frederic Henri Hoffmann","00589",1,1,1,1,1,0,0,0,0,0,0,0,0,0,0,0,0,0,0,0,0
"Johannes Maria Benedictus Josephus van der Does de Willebois","Johannes Maria Benedictus Josephus Does de Willebois","00322",0,0,0,1,1,1,0,0,0,0,0,0,0,0,0,0,0,0,0,0,0
"Jacobus Gerardus de Bruijn","Jacobus Gerardus Bruijn","00231",0,0,0,0,0,1,1,0,0,0,0,0,0,0,0,0,0,0,0,0,0
"Hendrik Seret","Hendrik Seret","01238",0,0,0,0,0,0,1,1,1,1,1,1,1,1,1,1,0,0,0,0,0
"Klaas de Jong ","Klaas Harshoorn Jong","00650",0,0,0,0,0,0,1,1,1,0,0,0,0,0,0,0,0,0,0,0,0
"Jean Clercx","Johannes Mattheüs Ludovicus Hubertus Clercx","00257",0,0,0,0,0,0,1,1,1,1,1,1,1,0,0,0,0,0,0,0,0
"Abraham van Karnebeek","Abraham Pieter Cornelis Karnebeek","00676",0,0,0,0,0,0,0,0,0,0,0,1,1,1,1,1,1,1,0,0,0
"Martin de Ras","Martinus Ras","01085",0,0,0,0,0,0,0,0,0,0,0,0,1,1,1,1,0,0,0,0,0
"Jacob Johan van Kerkwijk","Jacob Johan Kerkwijk","00684",1,1,1,1,1,1,1,1,1,1,1,1,1,1,1,0,0,0,0,0,0
"Willem de Jong","Willem Julius Emile Herman Marten Jong","00655",0,0,0,0,0,0,0,0,0,0,0,0,0,0,0,0,0,1,1,0,0
"Henri van Groenendael","Henricus Antonius Godefridus Groenendael","00487",0,0,0,0,0,0,0,0,0,0,0,0,0,0,0,0,0,0,1,1,1
"Jan van Best","Joannes Best","00104",0,0,0,0,0,0,0,0,0,0,0,0,0,0,0,0,0,1,1,1,0
"Bartholomeus Gerretson","Bartholomeus Johannes Gerretson","00448",0,0,0,0,0,0,0,0,0,0,0,0,0,0,0,0,0,0,0,0,1
"Berend Wichers","Berend Wichers","01539",1,0,0,0,0,0,0,0,0,0,0,0,0,0,0,0,0,0,0,0,0
"Willem van Lynden","Willem Lynden","00855",1,1,0,0,0,0,0,0,0,0,0,0,0,0,0,0,0,0,0,0,0
"Albertus van Naamen van Eemnes","Albertus Naamen van Eemnes","00954",0,0,1,1,1,1,0,0,0,0,0,0,0,0,0,0,0,0,0,0,0
"Guillaume Eugène François Xavier Mathias Kerens de Wylré","Guillaume Eugène François Xavier Mathias Kerens de Wylré","00683",0,0,0,0,1,1,1,0,0,0,0,0,0,0,0,0,0,0,0,0,0
"Jan van Stolk Jzn.","Jan Stolk","01311",0,0,0,0,0,1,1,0,0,0,0,0,0,0,0,0,0,0,0,0,0
"Petrus Jacobus Franciscus Vermeulen","Petrus Jacobus Franciscus Vermeulen","01422",0,0,0,0,0,0,1,1,1,1,1,1,1,1,1,0,0,0,0,0,0
"Meindert Boogaerdt Bzn.","Meindert Boogaerdt","00159",0,0,0,0,0,0,0,0,0,0,0,0,1,0,0,0,0,0,0,0,0
"Joseph Willem Jan Carel Marie van Nispen tot Sevenaer","Joseph Willem Jan Carel Marie Nispen tot Sevenaer","00975",0,0,0,0,0,0,0,0,0,0,0,0,0,0,0,0,1,1,1,0,0
"Victor Henri Rutgers","Victor Henri Rutgers","01147",0,0,0,0,0,0,0,0,0,0,0,0,0,0,0,0,0,1,1,1,1
"Kornelis Eland","Kornelis Eland","00374",0,0,0,0,0,0,0,0,0,0,0,0,0,0,0,0,1,1,1,1,0
"Pieter Johannes de Kanter","Pieter Johannes Kanter","00672",0,0,0,0,0,0,0,0,0,0,0,0,0,0,0,0,0,1,1,1,1
"Edmond van Wintershoven","Pieter Frederik Edmond Wintershoven","01556",1,0,0,0,0,0,0,0,0,0,0,0,0,0,0,0,0,0,0,0,0
"Simon Cool","Simon Cool","00265",1,1,0,0,0,0,0,0,0,0,0,0,0,0,0,0,0,0,0,0,0
"Hendrikus Octavius Wichers","Hendrikus Octavius Wichers","01540",0,0,0,0,0,0,1,1,0,0,0,0,0,0,0,0,0,0,0,0,0
"Willem Wintgens","Willem Wintgens","01557",1,1,1,0,1,1,1,1,1,0,0,0,0,0,0,0,0,0,0,0,0
"Willem Jacob Geertsema","Willem Jacob Geertsema","00438",0,0,0,0,0,0,0,0,0,0,0,1,1,0,1,0,0,0,0,0,0
"Maurits van Asch van Wijck","Hendrick Maurits Jan Asch van Wijck","00036",0,0,0,0,0,0,0,0,0,0,0,0,0,0,1,0,0,0,0,0,0
"Simon de Vries Czn","Simon Vries","01489",0,0,0,0,0,0,0,0,0,0,0,0,0,0,0,0,1,0,0,0,0
"Johan Reinhardt Snoeck Henkemans","Johan Reinhardt Snoeck Henkemans","01283",0,0,0,0,0,0,0,0,0,0,0,0,0,0,0,0,0,1,1,1,1
"Adriaan Gerhard","Adrien Henri Gerhard","00447",0,0,0,0,0,0,0,0,0,0,0,0,0,0,0,0,0,0,1,1,1
"Frans Drion","Franciscus Johannes Wilhelmus Drion","00344",0,0,0,0,0,0,0,0,0,0,0,0,0,0,0,0,0,0,1,1,1
"Bernardus Hermanus Heldt","Bernardus Hermanus Heldt","00553",0,0,0,0,0,0,0,0,1,1,1,1,1,1,1,0,0,0,0,0,0
"Charles Casimir Marie Hubert de Bieberstein Rogalla Zawadsky","Charles Casimir Marie Hubert Bieberstein Rogalla Zawadsky","00114",0,0,0,0,0,0,0,0,0,0,0,0,0,1,1,0,0,0,0,0,0
"Jan Gerard van Deinse","Jan Gerard Deinse","00297",0,0,0,0,0,0,0,0,0,0,0,0,0,1,1,0,0,0,0,0,0
"Gerardus Jacobus Goekoop","Gerardus Jacobus Goekoop","00468",0,0,0,0,0,0,0,0,1,1,1,1,1,1,1,1,0,0,0,0,0
"Lodewijk Franciscus Duymaer van Twist","Lodewijk Franciscus Duymaer van Twist","00354",0,0,0,0,0,0,0,0,0,0,0,0,0,0,0,0,0,0,1,1,1
"Jo Westerman","Johanna Westerman","01529",0,0,0,0,0,0,0,0,0,0,0,0,0,0,0,0,0,0,0,0,1
"Isaac Paul Delprat","Isaäc Paul Delprat","00301",1,0,0,0,0,0,0,0,0,0,0,0,0,0,0,0,0,0,0,0,0
"Willem van Goltstein van Oldenaller","Willem Goltstein van Oldenaller","00475",0,1,1,1,0,0,0,0,0,0,0,0,0,0,0,0,0,0,0,0,0
"Samuel van Houten","Samuel Houten","00607",0,0,0,1,1,1,1,1,1,1,1,1,1,0,0,0,0,0,0,0,0
"Jacob Dam","Jacob Dam","00285",0,1,1,1,1,0,0,0,0,0,0,0,0,0,0,0,0,0,0,0,0
"Jan Elias Huydecoper van Maarsseveen en Nigtevecht","Jan Elias Huydecoper van Maarsseveen en Nigtevecht","00621",0,0,0,0,0,0,0,0,0,0,0,0,0,1,0,0,0,0,0,0,0
"Arend Braat","Arend Braat","00191",0,0,0,0,0,0,0,0,0,0,0,0,0,0,0,0,0,0,0,0,1
"Schelte Wybenga","Schelte Wybenga","01572",1,1,1,1,1,1,1,1,1,1,0,0,0,0,0,0,0,0,0,0,0
"Johannes Jerphaas Hasselman","Johannes Jerphaas Hasselman","00528",0,0,0,1,0,0,0,0,0,0,0,0,0,0,0,0,0,0,0,0,0
"Jacob Duyvis","Jacob Duyvis","00358",0,0,0,0,0,0,0,1,1,0,0,0,0,0,0,0,0,0,0,0,0
"Bartholomeus Johannes Gerretson","Bartholomeus Johannes Gerretson","00448",0,0,0,0,0,0,0,0,0,0,0,0,0,0,0,0,0,0,1,1,0
"Charles Ludovicus van de Bilt","Charles Ludovicus Bilt","00121",0,0,0,0,0,0,0,0,0,0,0,0,0,0,0,0,0,0,0,0,1
"Siebert Rudolph van Franck","Siebert Rudolph Franck","00419",1,0,0,0,0,0,0,0,0,0,0,0,0,0,0,0,0,0,0,0,0
"Cornelis van Heukelom","Cornelis Heukelom","00569",1,1,1,0,0,1,1,0,0,0,0,0,0,0,0,0,0,0,0,0,0
"Theodore Gerard Glaude Valette","Theodore Gerard Glaude Valette","01389",0,0,0,0,0,0,0,0,0,0,0,0,1,0,0,0,0,0,0,0,0
"Piet Nolting","Pieter Nolting","00983",0,0,0,0,0,0,0,0,0,0,0,0,0,0,1,1,1,0,0,0,0
"Julius van Zuylen van Nijevelt","Jacob Pieter Pompejus Zuylen van Nijevelt","01602",1,1,0,0,1,0,0,0,0,0,0,0,0,0,0,0,0,0,0,0,0
"Gijsbert van Tienhoven","Gijsbert Tienhoven","01365",0,0,0,0,0,1,1,0,0,0,0,0,0,0,0,0,0,0,0,0,0
"Willem Gerard Brantsen van de Zijp","Willem Gerard Brantsen van de Zijp","00198",0,0,0,0,0,0,1,1,1,0,0,1,1,0,0,0,0,0,0,0,0
"Willem van der Kaay","Willem Kaay","00666",0,0,0,0,1,1,1,1,1,1,1,1,1,0,0,0,0,0,0,0,0
"Ernest d'Olne","Josephus Ernestus Hubertus Wilhelmus Olne","00999",0,0,0,0,0,0,0,0,0,0,0,1,0,0,0,0,0,0,0,0,0
"Theo Heemskerk","Theodorus Heemskerk","00540",0,0,0,0,0,0,0,0,0,0,0,1,1,1,0,1,1,0,0,0,0
"Simon de Vries Czn.","Simon Vries","01489",0,0,0,0,0,0,0,0,0,0,0,0,0,0,0,1,0,0,0,0,0
"Louis van Heiden Reinestein","Louis Heiden Reinestein","00549",1,1,1,0,0,0,0,0,0,0,0,0,0,0,0,0,0,0,0,0,0
"Jan Willem Hendrik Rutgers van Rozenburg ","Jan Willem Hendrik Rutgers van Rozenburg","01148",0,0,0,1,1,1,1,1,1,1,0,1,1,1,0,0,0,0,0,0,0
"Otto van Wassenaer van Catwijck","Otto Wassenaer van Catwijck","01509",0,0,1,1,1,1,1,1,1,1,1,0,0,0,0,0,0,0,0,0,0
"Jerôme Lambrechts","Hieronymus Franciscus Lambrechts","00778",0,0,0,0,1,1,1,1,1,1,1,1,1,1,0,0,0,0,0,0,0
"Emile Alexis Marie van der Kun","Emile Alexis Marie Kun","00763",0,0,0,0,0,0,0,0,0,0,0,0,1,1,1,1,0,0,0,0,0
"Hendrikus Johannes Bool","Hendrik Johannes Bool","00160",0,0,0,0,0,0,0,0,0,0,0,0,0,1,0,0,0,0,0,0,0
"Menso Johannes Pijnacker","Menso Johannes Pijnappel","01068",0,0,0,0,0,0,0,0,0,0,0,0,0,0,1,0,0,0,0,0,0
"Antonie Roodhuyzen","Antonie Roodhuyzen","01125",0,0,0,0,0,0,0,0,0,0,0,0,0,0,0,1,1,1,1,1,0
"Dirk Fock ","Dirk Fock","00410",0,0,0,0,0,0,0,0,0,0,0,0,0,0,0,1,0,0,1,1,1
"Cornelis Hoekwater","Cornelis Hoekwater","00586",1,1,1,0,0,0,0,0,0,0,0,0,0,0,0,0,0,0,0,0,0
"Karel Anton Rombach","Karel Anton Rombach","01121",0,0,0,1,1,1,1,1,0,0,0,0,0,0,0,0,0,0,0,0,0
"Jolle Albertus Jolles","Jolle Albertus Jolles","00645",0,0,0,0,1,0,0,0,0,0,0,0,0,0,0,0,0,0,0,0,0
"Willem van Heeckeren van Kell","Willem Heeckeren van Kell","00534",0,0,0,0,0,0,1,1,0,0,0,0,0,0,0,0,0,0,0,0,0
"Harm Smeenge","Harm Smeenge","01269",0,0,0,0,0,0,0,0,1,1,1,1,1,1,1,1,1,1,1,1,0
"Adriaan Gildemeester","Adriaan Gildemeester","00458",0,0,0,0,0,0,1,1,1,1,1,1,0,0,0,0,0,0,0,0,0
"Vincentius Adrianus Maria van den Heuvel","Vincentius Adrianus Maria Heuvel","00574",0,0,0,0,0,0,0,0,0,0,0,0,0,0,1,1,1,1,0,0,0
"Johan Willem Herman Meyert van Idsinga","Johan Willem Herman Meyert Idsinga","00624",0,0,0,0,0,0,0,0,0,0,0,0,0,0,0,0,1,1,1,1,0
"Jacobus Mattheüs de Kempenaer","Jacobus Mattheüs Kempenaer","00681",1,0,0,0,0,0,0,0,0,0,0,0,0,0,0,0,0,0,0,0,0
"Gerhardus Fabius","Gerhardus Fabius","00395",0,0,0,0,1,1,0,0,0,0,0,0,0,0,0,0,0,0,0,0,0
"Frans Julius Johan van Heemstra","Frans Julius Johan Heemstra","00541",0,0,0,0,0,1,0,0,0,0,0,0,0,0,0,0,0,0,0,0,0
"Okke Tietes Bosgra","Okke Tietes Bosgra","00182",0,0,0,0,0,0,0,0,0,0,0,1,0,0,0,0,0,0,0,0,0
"Adrianus Petrus de Lange","Adrianus Petrus Lange","00783",0,0,0,0,0,0,0,0,0,0,0,0,0,1,0,0,0,0,0,0,0
"Rudolf Pieter Mees R.Azn.","Rudolf Pieter Mees","00889",0,0,0,0,1,1,1,1,1,1,1,1,1,1,1,1,0,0,0,0,0
"Kornelis ter Laan","Kornelis Laan","00773",0,0,0,0,0,0,0,0,0,0,0,0,0,0,0,1,1,1,1,1,1
"Arnold Engels","Arnoldus Hendrikus Johannes Engels","00385",0,0,0,0,0,0,0,0,0,0,0,0,0,0,0,0,0,0,1,1,1
"Jan van der Molen","Jan Molen","00934",0,0,0,0,0,0,0,0,0,0,0,0,0,0,0,0,1,1,1,1,1
"Nicolaas Pieter Jacob Kien","Nicolaas Pieter Jacob Kien","00697",1,1,1,1,1,0,0,0,0,0,0,0,0,0,0,0,0,0,0,0,0
"Jan Karel Hendrik de Roo van Alderwerelt","Jan Karel Hendrik Roo van Alderwerelt","01123",0,0,1,1,1,1,0,0,0,0,0,0,0,0,0,0,0,0,0,0,0
"Jan Christiaan Fabius","Jan Christiaan Fabius","00396",0,0,0,0,0,0,1,0,1,1,1,1,0,0,0,0,0,0,0,0,0
"Anthonie Ernst Reuther","Anthonie Ernst Reuther","01103",0,0,0,0,0,0,1,1,1,1,1,1,0,0,0,0,0,0,0,0,0
"George Diepen","George Diepen","00305",0,0,0,0,0,0,0,0,0,0,0,1,1,0,0,0,0,0,0,0,0
"Petrus Boele Jacobus Ferf","Petrus Boele Jacobus Ferf","00404",0,0,0,0,0,0,0,0,0,0,0,0,1,1,1,1,1,1,0,0,0
"Eduard Fokker","Eduard Fokker","00413",0,0,0,0,0,0,0,0,0,0,0,0,0,0,1,1,0,0,0,0,0
"Lodewijk Henrick Johan Mari van Asch van Wijck","Lodewijk Henrick Johan Mari Asch van Wijck","00040",0,0,0,0,0,0,0,0,0,0,0,0,0,0,1,1,0,0,0,0,0
"Jan Wolter Niemeijer","Jan Wolter Niemeijer","00962",0,0,0,0,0,0,0,0,0,0,0,0,0,0,0,0,0,0,0,0,1
"Wilco Holdinga Lycklama à Nijeholt","Wilco Holdinga Lycklama à Nijeholt","00854",1,1,0,0,0,0,0,0,0,0,0,0,0,0,0,0,0,0,0,0,0
"Johan Herman Geertsema Czn.","Johan Herman Geertsema","00437",1,1,1,1,0,1,0,0,0,0,0,0,0,0,0,0,0,0,0,0,0
"Eduard Herman s' Jacob","Eduard Herman Jacob","00631",0,0,1,1,1,0,0,0,0,0,0,0,0,0,0,0,0,0,0,0,0
"James John Teding van Berkhout","James John Teding van Berkhout","01343",0,0,0,0,1,1,1,0,0,0,0,0,0,0,0,0,0,0,0,0,0
"Jacob Gerard Patijn","Jacob Gerard Patijn","01022",0,0,0,0,0,1,1,0,0,0,0,1,0,0,0,0,0,0,0,0,0
"Lourens de Groot","Lourens Groot","00491",0,0,0,0,0,0,0,0,0,0,0,0,0,0,0,0,0,0,0,0,1
"Evert du Marchie van Voorthuysen","Evert Marchie van Voorthuysen","00878",1,1,1,1,1,0,0,0,0,0,0,0,0,0,0,0,0,0,0,0,0
"Karel Lodewijk Joseph Cornelis","Karel Lodewijk Joseph Cornelis","00268",1,1,0,1,0,0,0,0,0,0,0,0,0,0,0,0,0,0,0,0,0
"Johannes Baptista Arnoldus Josephus Maria Verheyen","Johannes Baptista Arnoldus Josephus Maria Verheijen","01414",0,0,1,1,1,1,1,0,0,0,0,0,0,0,0,0,0,0,0,0,0
"Jan Willem Jacobus de Vos van Steenwijk ","Jan Willem Jacobus Vos van Steenwijk","01479",0,0,0,0,0,1,1,1,1,1,1,0,0,0,0,0,0,0,0,0,0
"Willem de Meijier","Willem Meijier","00917",0,0,0,0,0,1,1,1,1,1,1,1,1,0,0,0,0,0,0,0,0
"Henri Adolphe van de Velde","Henri Adolphe Velde","01400",0,0,0,0,0,0,0,0,0,0,0,1,1,0,1,1,1,1,1,1,0
"Joseph Limburg","Joseph Limburg","00822",0,0,0,0,0,0,0,0,0,0,0,0,0,0,0,0,1,1,1,1,0
"David Wijnkoop","David Joseph Wijnkoop","01584",0,0,0,0,0,0,0,0,0,0,0,0,0,0,0,0,0,0,0,0,1
"Pieter Mijer","Pieter Mijer","00953",1,1,0,0,0,0,0,0,0,0,0,0,0,0,0,0,0,0,0,0,0
"Barthold Jacob Lintelo de Geer van Jutphaas","Barthold Jacob Lintelo baron de Geer van Jutphaas","00433",0,0,0,0,0,0,0,0,1,1,1,1,1,0,0,0,0,0,0,0,0
"Alexander Frederik de Savornin Lohman","Alexander Frederik Savornin Lohman","01177",0,0,0,0,0,0,1,1,1,1,1,1,1,1,1,1,1,1,1,1,1
"Antoon Willem van Borssele","Anton Willem Borssele","00172",0,0,0,0,0,0,0,0,0,0,0,0,0,1,0,0,0,0,0,0,0
"Pieter Christiaan Jacobus Hennequin","Pieter Christiaan Jacobus Hennequin","00562",0,0,0,0,0,0,0,0,0,0,0,0,1,1,0,1,1,0,0,0,0
"Maurits Anton Brants","Maurits Anton Brants","00196",0,0,0,0,0,0,0,0,0,0,0,0,0,0,0,1,1,0,0,0,0
"Jan Bomans","Johannes Bernardus Bomans","00154",0,0,0,0,0,0,0,0,0,0,0,0,0,0,0,0,0,0,1,1,1
"Alexander van Sasse van Ysselt","Alexander Frederik Oscar Sasse van Ysselt","01172",0,0,0,0,0,0,0,0,0,0,0,0,0,0,0,1,1,1,1,1,1
"Gerlach Cornelis Joannes van Reenen ","Gerlach Cornelis Joannes Reenen","01092",1,1,0,1,0,0,0,0,0,0,0,0,0,0,0,0,0,0,0,0,0
"Pieter Jacob Elout van Soeterwoude","Pieter Jacob Elout van Soeterwoude","00377",1,0,0,0,0,0,1,0,0,0,0,0,0,0,0,0,0,0,0,0,0
"Antonie Jacob Willem Farncombe Sanders","Antoine Jacob Willem Farncombe Sanders","00397",0,0,0,0,0,0,0,0,0,1,1,1,1,1,0,0,0,0,0,0,0
"Willem Everts ","Willem Everts","00391",0,0,0,0,0,0,0,0,0,0,0,0,1,1,1,0,0,0,0,0,0
"Gerrit Blankers 't Hooft","Gerrit Blankers Hooft","00596",0,0,0,0,0,0,0,0,0,0,0,0,0,1,1,0,0,0,0,0,0
"Johan Willem Herman Meyert van Idsinga","Johan Willem Herman Meyert Idsinga","00624",0,0,0,0,0,0,0,0,0,0,0,0,0,0,0,1,0,0,0,0,0
"Jan van Gilse ","Jan Gilse","00460",0,0,0,0,0,0,0,0,0,0,0,0,0,0,0,0,0,0,0,1,0
"Bernardus Johannes van Stapele","Bernardus Johannes Stapele","01295",0,0,0,0,0,0,0,0,0,0,0,0,0,0,0,0,0,0,0,0,1
"Johan Louis de Jonge","Johan Louis Jonge","00656",0,0,0,0,0,1,0,0,0,0,0,0,0,0,0,0,0,0,0,0,0
"Willem Jan Roijaards van den Ham","Willem Jan Roijaards van den Ham","01135",0,0,0,0,0,0,0,0,0,0,0,1,1,1,0,0,0,0,0,0,0
"Otto Jan Herbert van Limburg Stirum","Otto Jan Herbert Limburg Stirum","00826",0,0,0,0,0,0,0,0,0,0,0,0,0,1,1,1,0,0,0,0,0
"Jan Jacob Slicher van Domburg","Jan Jacob Slicher van Domburg","01257",1,0,0,0,0,0,0,0,0,0,0,0,0,0,0,0,0,0,0,0,0
"Karel Antonie Godin de Beaufort","Karel Antonie Godin de Beaufort","00465",0,0,0,0,0,0,1,1,1,1,1,0,0,0,0,0,0,0,0,0,0
"Herman François Hesselink van Suchtelen","Herman François Hesselink van Suchtelen","00568",0,0,0,0,0,0,0,0,0,0,0,0,0,1,1,0,0,0,0,0,0
"Frans Jozef Bolsius","Frans Jozef Bolsius","00153",0,0,0,0,0,0,0,0,0,0,0,0,0,0,1,1,1,1,0,0,0
"Otto Jan Herbert van Limburg Stirum","Otto Jan Herbert Limburg Stirum","00826",0,0,0,0,0,0,0,0,0,0,0,0,0,0,0,0,1,0,0,0,0
"Willem Hendrik Boogaardt","Willem Hendrik Bogaardt","00150",0,0,0,0,0,0,0,0,0,0,0,0,0,0,0,0,0,1,1,0,0
"Frederik Herman de Monté VerLoren","Frederik Herman Monté VerLoren","00940",0,0,0,0,0,0,0,0,0,0,0,0,0,0,0,0,0,0,1,1,1
"Maarten Iman Willem Jacob Bijleveld","Maarten Iman Willem Jacob Bijleveld","00248",0,0,0,0,0,0,0,0,0,0,0,0,0,0,0,0,0,0,0,0,1
"Pieter Hendrik Taets van Amerongen tot Natewisch","Pieter Hendrik Taets van Amerongen tot Natewisch","01337",1,1,1,1,1,0,0,0,0,0,0,0,0,0,0,0,0,0,0,0,0
"Petrus van den Heuvel","Petrus Heuvel","00573",1,1,1,0,1,1,0,0,0,0,0,0,0,0,0,0,0,0,0,0,0
"Thomas Joannes Stieltjes sr.","Thomas Johannes Stieltjes","01303",0,0,1,1,1,1,0,0,0,0,0,0,0,0,0,0,0,0,0,0,0
"Binnert Philip van Harinxma thoe Slooten","Binnert Philip Harinxma thoe Slooten","00520",0,0,0,0,1,1,0,0,0,0,0,0,0,0,0,0,0,0,0,0,0
"Warmold Albertinus van der Feltz","Warmold Albertinus Feltz","00400",0,0,0,0,0,1,1,1,1,1,1,1,1,0,0,0,0,0,0,0,0
"Hendrik Colijn","Hendrikus Colijn","00263",0,0,0,0,0,0,0,0,0,0,0,0,0,0,0,0,0,1,0,0,0
"Augustinus Bernardus Gijsbertus Maria van Rijckevorsel","Augustinus Bernardus Gijsbertus Maria Rijckevorsel","01157",0,0,0,0,0,0,0,0,0,0,0,0,0,0,0,0,0,0,1,1,1
"Hendrik Albeda","Hendrik Albeda","00012",0,0,0,0,0,0,0,0,0,0,0,0,0,0,0,0,0,0,0,0,1
"Peter Marius Tutein Nolthenius","Peter Marius Tutein Nolthenius","01382",1,0,0,0,0,0,0,0,0,0,0,0,0,0,0,0,0,0,0,0,0
"Gerard Dumbar ","Gerard Dumbar","00350",1,1,1,1,1,0,0,0,0,0,0,0,0,0,0,0,0,0,0,0,0
"Hendrik Anthon van Rappard","Hendrik Anthon Rappard","01083",0,0,1,0,1,1,0,0,0,0,0,0,0,0,0,0,0,0,0,0,0
"Jan Messchert van Vollenhoven","Jan Messchert van Vollenhoven","00909",0,0,0,0,1,1,0,0,0,0,0,0,0,0,0,0,0,0,0,0,0
"Roeland van de Werk","Roeland Werk","01522",0,0,0,0,0,1,1,1,0,0,0,0,0,0,0,0,0,0,0,0,0
"Jan Albert van Gilse","Jan Albert Gilse","00461",0,0,0,0,0,0,0,0,0,0,0,0,0,0,1,0,0,0,0,0,0
"Coenraad van der Voort van Zijp","Coenraad Voort van Zijp","01470",0,0,0,0,0,0,0,0,0,0,0,0,0,0,0,0,1,1,1,1,1
"Hendrik Goeman Borgesius","Hendrik Goeman Borgesius","00469",0,0,0,0,0,1,1,1,1,1,1,1,1,1,1,1,1,1,1,0,0
"Jan Willem IJzerman","Jan Willem IJzerman","01589",0,0,0,0,0,0,0,0,0,0,0,0,0,0,0,0,1,0,1,1,0
"Willem Frederik Carel van Lidth de Jeude","Willem Frederik Carel Lidth de Jeude","00814",1,1,1,1,0,0,0,0,0,0,0,0,0,0,0,0,0,0,0,0,0
"Raphaël Alexander Johannes Boudewinus Maria van Nispen van Sevenaer","Raphaël Alexander Johannes Boudewinus Maria Nispen van Sevenaer","00978",0,0,0,0,1,0,0,0,0,0,0,0,0,0,0,0,0,0,0,0,0
"Justus Dirks","Justus Dirks","00316",0,0,0,0,0,0,1,1,1,0,0,0,0,0,0,0,0,0,0,0,0
"Christianus Joannes Antonius Heydenrijck","Christianus Joannes Antonius Heydenrijck","00578",1,1,1,1,1,1,1,0,0,0,0,0,0,0,0,0,0,0,0,0,0
"Isaäc Dignus Fransen van de Putte","Isaäc Dignus Fransen van de Putte","00421",1,0,1,1,1,1,1,0,0,0,0,0,0,0,0,0,0,0,0,0,0
"Jan van Gennep","Jan Gennep","00444",0,0,0,0,0,1,1,1,1,1,1,0,0,1,0,0,0,0,0,0,0
"Abraham Kuyper","Abraham Kuyper","00766",0,0,0,0,1,1,0,0,0,0,0,0,0,1,1,0,1,1,0,0,0
"Max Charles Emile Bongaerts","Max Charles Emile Bongaerts","00157",0,0,0,0,0,0,0,0,0,0,0,0,0,0,0,0,0,0,1,1,1
"Wesselius Marcus Houwing","Wesselius Marcus Houwing","00609",0,0,0,0,0,0,0,0,0,0,0,0,1,1,1,0,0,0,0,0,0
"Joost Adriaan van Hamel","Joost Adriaan Hamel","00518",0,0,0,0,0,0,0,0,0,0,0,0,0,0,0,0,0,0,1,1,0
"Bernard Pieter Gesinus van Diggelen","Bernard Pieter Gesinus Diggelen","00313",1,0,0,0,0,0,0,0,0,0,0,0,0,0,0,0,0,0,0,0,0
"Lucas Oldenhuis Gratama","Lucas Oldenhuis Gratama","00998",0,0,1,1,1,1,1,1,1,0,0,0,0,0,0,0,0,0,0,0,0
"Jan Harte van Tecklenburg","Hendrik Jan Woudenberg","01569",0,0,0,0,0,0,0,0,0,0,0,1,1,1,1,0,0,0,0,0,0
"Asser Benjamin Kleerekoper","Asser Benjamin Kleerekoper","00702",0,0,0,0,0,0,0,0,0,0,0,0,0,0,0,0,0,0,0,1,1
"Cornelis Lely","Cornelis Lely","00802",0,0,0,0,0,0,0,0,0,0,0,0,0,1,1,1,1,0,0,0,1
"Albertus Jacobus Duymaer van Twist","Albertus Jacobus Duymaer van Twist","00353",1,0,0,0,0,0,0,0,0,0,0,0,0,0,0,0,0,0,0,0,0
"Anthony Hoynck van Papendrecht ","Anthony Hoynck van Papendrecht","00611",1,1,0,0,0,0,0,0,0,0,0,0,0,0,0,0,0,0,0,0,0
"Willem van der Hucht","Guillaume Louis Jacques Hucht","00614",0,0,1,1,0,0,0,0,0,0,0,0,0,0,0,0,0,0,0,0,0
"Johannes Petrus Smeele","Johannes Petrus Smeele","01268",0,0,0,0,0,0,0,0,0,1,0,0,0,0,0,0,0,0,0,0,0
"Lodewijk Duymaer van Twist","Lodewijk Franciscus Duymaer van Twist","00354",0,0,0,0,0,0,0,0,0,0,0,0,0,0,0,1,1,1,0,0,0
"Fridolin Marinus Kneubel","Fridolin Marinus Knobel","00709",0,0,0,0,0,0,0,0,0,0,0,0,0,0,0,0,0,0,1,0,0
"Nicolaas Oosterbaan ","Nicolaas Oosterbaan","01003",0,0,0,0,0,0,0,0,0,0,0,0,0,0,0,0,0,1,1,1,0
"Norbertus Reinerus Henricus Guljé","Norbertus Reinerus Henricus Guljé","00497",1,1,1,1,0,0,0,0,0,0,0,0,0,0,0,0,0,0,0,0,0
"Jan Thomassen à Thuessink van der Hoop van Slochteren","Abraham Johan Thomassen à Thuessink van der Hoop van Slochteren","01357",0,0,0,0,0,0,1,0,0,0,0,0,0,0,0,0,0,0,0,0,0
"Willem Caspar Joseph Passtoors","Willem Caspar Joseph Passtoors","01020",0,0,0,0,0,0,0,0,0,0,0,0,0,0,1,1,1,1,0,0,0
"Gerard Anton van Hamel","Gerard Anton Hamel","00517",0,0,0,0,0,0,0,0,0,0,0,0,0,0,0,0,0,1,1,0,0
"Fridolin Marinus Knobel","Fridolin Marinus Knobel","00709",0,0,0,0,0,0,0,0,0,0,0,0,0,0,0,0,0,0,0,1,0
"Wolter Robert van Hoëvell","Wolter Robert Hoëvell","00587",1,0,0,0,0,0,0,0,0,0,0,0,0,0,0,0,0,0,0,0,0
"Antony Moens","Antony Moens","00931",0,0,1,1,1,1,1,0,0,0,0,0,0,0,0,0,0,0,0,0,0
"Carel van Nispen tot Sevenaer","Carel Jan Christiaan Hendrik Nispen tot Sevenaer","00973",0,0,0,0,1,1,1,1,0,0,0,0,0,0,0,0,0,0,0,0,0
"Antonius Franciscus Vos de Wael","Antonius Franciscus Vos de Wael","01483",0,0,0,0,0,0,0,1,1,1,1,1,0,1,0,0,0,0,0,0,0
"George Hermann Hintzen","George Hermann Hintzen","00584",0,0,0,0,0,0,0,0,0,0,0,1,1,1,1,0,0,0,0,0,0
"Godert Willem van Dedem ","Godert Willem Dedem","00294",0,0,0,0,0,0,0,0,0,0,0,1,1,0,0,0,0,0,0,0,0
"Christiaan Lucasse","Christiaan Lucasse","00849",0,0,0,0,0,0,0,0,0,0,0,1,1,1,1,1,1,0,0,0,0
"Floris Willem van Styrum ","Floris Willem Styrum","01324",0,0,0,0,0,0,0,0,0,0,0,0,0,0,1,0,1,0,0,0,0
"Antonius van Wijnbergen","Antonius Ignatius Maria Josephus Wijnbergen","01583",0,0,0,0,0,0,0,0,0,0,0,0,0,0,0,1,1,1,1,0,0
"Pieter Lodewijk Tak","Pieter Lodewijk Tak","01338",0,0,0,0,0,0,0,0,0,0,0,0,0,0,0,0,1,0,0,0,0
"Frank van Lennep","Frank Karel Lennep","00806",0,0,0,0,0,0,0,0,0,0,0,0,0,0,0,0,0,1,0,0,0
"Gerrit Johan Anne Schimmelpenninck","Gerrit Johan Anne Schimmelpenninck","01201",0,0,0,0,0,0,0,0,0,0,0,0,0,0,0,0,0,1,1,1,0
"Gerhard Antony IJssel de Schepper","Gerhard Antony IJssel de Schepper","01586",1,1,1,0,0,0,0,0,0,0,0,0,0,0,0,0,0,0,0,0,0
"Joannes Antonius Christianus Arnoldus van Nispen van Sevenaer","Joannes Antonius Christianus Arnoldus Nispen van Sevenaer","00974",1,1,1,1,1,0,0,0,0,0,0,0,0,0,0,0,0,0,0,0,0
"Aart Knijff Hzn.","Aart Knijff","00714",0,0,0,0,0,0,0,0,0,0,0,0,0,1,1,0,0,0,0,0,0
"Wilhelmus Jacobus Mattheüs Christianus Friesen","Wilhelmus Jacobus Mattheüs Christianus Friesen","00427",0,0,0,0,0,0,0,0,0,0,0,0,0,0,0,1,0,0,0,0,0
"Hendrik Pollema","Hendrik Pollema","01048",0,0,0,0,0,0,0,0,0,0,0,0,0,0,0,0,1,1,0,0,0
"Eerke Albert Smidt","Eerke Albert Smidt","01271",0,0,0,0,0,0,0,0,0,0,0,0,0,1,1,1,1,1,0,0,0
"Johannes Sibinga Mulder","Johannes Sibinga Mulder","01243",0,0,0,0,0,0,0,0,0,0,0,0,0,0,0,0,0,0,1,1,0
"Pieter Oud","Pieter Jacobus Oud","01010",0,0,0,0,0,0,0,0,0,0,0,0,0,0,0,0,0,0,0,1,1
"Johannes Georgius Suring","Johannes Georgius Suring","01325",0,0,0,0,0,0,0,0,0,0,0,0,0,0,0,0,0,0,0,0,1
"Hyacinthus Constantinus Fredericus Kerstens","Hyacinthus Constantinus Fredericus Kerstens","00686",1,1,1,1,0,0,0,0,0,0,0,0,0,0,0,0,0,0,0,0,0
"Cornelis Ascanius van Sypesteyn ","Cornelis Ascanius Sypesteyn","01334",0,0,1,1,1,0,0,0,0,0,0,0,0,0,0,0,0,0,0,0,0
"Michiel Johan de Lange","Michiel Johan Lange","00784",0,0,0,1,1,1,0,0,0,0,0,0,0,0,0,0,0,0,0,0,0
"Johannes Leonardus Nierstrasz C.Jzn.","Johannes Leonardus Nierstrasz","00968",0,0,0,1,1,1,0,0,0,0,0,0,0,0,0,0,0,0,0,0,0
"Theodorus Johannes Antonius Duynstee","Theodorus Johannes Antonius Duynstee","00356",0,0,0,0,0,0,0,0,0,0,0,0,0,0,0,1,1,1,1,1,0
"Gerardus Bulten","Gerhardus Bulten","00237",0,0,0,0,0,0,0,0,0,0,0,0,0,0,0,0,0,0,0,1,1
"Pieter Hiemstra","Pieter Hiemstra","00580",0,0,0,0,0,0,0,0,0,0,0,0,0,0,0,0,0,0,0,0,1
"Marten Kingma Hzn.","Marten Kingma","00700",1,0,0,0,0,0,0,0,0,0,0,0,0,0,0,0,0,0,0,0,0
"Barend Brouwer","Barend Brouwer","00215",0,0,0,1,1,0,0,0,0,0,0,0,0,0,0,0,0,0,0,0,0
"Petrus Hendrik Holtzman","Petrus Hendrik Holtzman","00594",0,0,0,0,0,1,1,0,0,0,0,0,0,0,0,0,0,0,0,0,0
"Jozef Jan Pompe van Meerdervoort","Jozef Jan Pompe van Meerdervoort","01050",0,0,0,0,0,0,1,1,1,0,0,0,0,0,0,1,0,0,0,0,0
"Pieter Cornelis 't Hooft","Pieter Cornelis Hooft","00598",0,0,0,0,0,0,1,1,1,0,0,0,0,0,0,0,0,0,0,0,0
"Theodoor Philip Mackay ","Theodoor Philip Mackay","00864",0,0,0,0,0,0,1,1,1,1,1,1,1,1,0,0,0,0,0,0,0
"Jan Ernst Heeres","Jan Ernst Heeres","00544",0,0,0,0,0,0,0,0,0,0,0,0,0,0,0,0,0,0,1,1,0
"Haye Mensonides","Haye Mensonides","00903",1,1,1,0,0,0,0,0,0,0,0,0,0,0,0,0,0,0,0,0,0
"Willem Jonckbloet","Willem Jozef Andreas Jonckbloet","00646",0,1,1,1,1,1,0,0,0,0,0,0,0,0,0,0,0,0,0,0,0
"Gerrit Elhorst","Gerrit Elhorst","00376",0,0,0,0,0,0,0,0,0,0,0,0,0,0,0,0,0,1,0,0,0
"Asser Benjamin Kleerekooper","Asser Benjamin Kleerekoper","00702",0,0,0,0,0,0,0,0,0,0,0,0,0,0,0,0,0,0,1,0,0
"Jan ter Laan","Jan Laan","00772",0,0,0,0,0,0,0,0,0,0,0,0,0,0,0,0,0,0,1,1,1
"Suze Groeneweg","Susanna Groeneweg","00488",0,0,0,0,0,0,0,0,0,0,0,0,0,0,0,0,0,0,0,0,1
"Petrus Joannes Jacobus Hollingerus Pijpers","Petrus Joannes Jacobus Hollingerus Pijpers","00592",0,1,1,1,0,0,0,0,0,0,0,0,0,0,0,0,0,0,0,0,0
"Johannes van Kuijk","Johannes Kuyk","00765",0,0,0,0,1,0,0,0,0,0,0,0,0,0,0,0,0,0,0,0,0
"Henri François Rudolf Hubrecht","Henri François Rudolf Hubrecht","00613",0,0,0,0,0,0,0,0,0,0,0,0,0,0,0,1,1,1,0,1,0
"Jan Frederik Heemskerk","Jan Frederik Heemskerk","00539",0,0,0,0,0,0,0,0,0,0,0,0,0,0,0,0,0,1,0,0,1
"Cornelis Wilhelmus Oomen","Cornelis Wilhelmus Oomen","01002",1,0,0,0,0,0,0,0,0,0,0,0,0,0,0,0,0,0,0,0,0
"Petrus Johannes Antonius Smitz","Petrus Johannes Antonius Smitz","01281",0,0,0,1,1,1,0,0,0,0,0,0,0,0,0,0,0,0,0,0,0
"Wynandus Gustavus Straetmans","Wynandus Gustavus Straetmans","01318",0,0,0,0,0,0,1,1,1,0,0,0,0,0,0,0,0,0,0,0,0
"Jan Meesters ","Jan Meesters","00893",0,0,0,0,0,0,0,0,0,0,0,0,0,1,1,0,0,0,0,0,0
"Francis David Schimmelpenninck","Francis David Schimmelpenninck","01199",0,0,0,0,0,0,0,0,0,0,0,0,0,1,1,0,0,0,0,0,0
"Boudewijn Nierstrasz","Boudewijn Nierstrasz","00967",0,0,0,0,0,0,0,0,0,0,0,0,0,0,0,0,0,0,1,1,0
"Gerrit Adrianus de Raadt","Gerrit Adrianus Raadt","01074",1,1,1,0,0,0,0,0,0,0,0,0,0,0,0,0,0,0,0,0,0
"Jan Kappeyne van de Coppello","Johannes Kappeyne van de Coppello","00674",1,1,0,0,1,1,0,0,0,0,0,0,0,0,0,0,0,0,0,0,0
"Johannes Albertus Sandberg","Johannes Albertus Sandberg","01168",0,0,0,1,1,1,1,0,0,0,0,0,0,0,0,0,0,0,0,0,0
"Jan Schepel","Jan Schepel","01191",0,0,0,0,1,1,1,1,1,1,1,1,1,1,1,0,0,0,0,0,0
"Johan Louis de Jonghe","Johan Louis Jonge","00656",0,0,0,0,0,0,1,0,0,0,0,0,0,0,0,0,0,0,0,0,0
"Gijsbert Hendrik Thomassen à Thuessink van der Hoop","Gijsbert Hendrik Thomassen à Thuessink van der Hoop van Slochteren","01358",0,0,0,0,0,0,1,1,1,0,0,0,0,0,0,0,0,0,0,0,0
"Henri Maarten Anton van der Goes van Dirxland","Henri Maarten Anton Goes van Dirxland","00470",0,0,0,0,0,0,0,0,0,1,1,0,0,0,0,0,0,0,0,0,0
"Louis Michiels van Verduynen","Louis Paul Marie Hubert Michiels van Verduynen","00923",0,0,0,0,0,0,0,0,0,0,0,1,1,1,1,1,1,0,0,0,0
"Abraham Frans Karel Hartogh","Abraham Frans Karel Hartogh","00525",0,0,0,0,0,0,0,0,0,1,1,1,1,1,1,0,0,0,0,0,0
"Gerrit Willem Melchers","Gerrit Willem Melchers","00899",0,0,0,0,0,0,0,0,0,0,0,0,0,0,0,1,0,0,0,0,0
"Rienk van Veen","Rienk Veen","01392",0,0,0,0,0,0,0,0,0,0,0,0,0,0,0,1,1,1,1,1,1
"Edsge Marten Teenstra","Edsge Marten Teenstra","01344",0,0,0,0,0,0,0,0,0,0,0,0,0,0,0,0,0,1,1,1,1
"Leendert Nicolaas Roodenburg","Leendert Nicolaas Roodenburg","01124",0,0,0,0,0,0,0,0,0,0,0,0,0,0,0,0,0,0,1,1,0
"Robert Rudolph Lodewijk de Muralt","Robert Rudolph Lodewijk Muralt","00949",0,0,0,0,0,0,0,0,0,0,0,0,0,0,0,0,0,0,1,1,1
"Geert Reinders ","Geert Reinders","01100",1,1,1,1,0,0,0,0,0,0,0,0,0,0,0,0,0,0,0,0,0
"Willem Vliegen","Wilhelmus Hubertus Vliegen","01451",0,0,0,0,0,0,0,0,0,0,0,0,0,0,0,0,0,1,1,0,0
"Josef van Schaik","Josephus Robertus Hendricus Schaik","01184",0,0,0,0,0,0,0,0,0,0,0,0,0,0,0,0,0,0,1,1,1
"Martin Pascal Hubert Strens","Martin Pascal Hubert Strens","01319",1,0,0,0,0,0,0,0,0,0,0,0,0,0,0,0,0,0,0,0,0
"Gerrit Adriaan Fokker","Gerrit Adriaan Fokker","00414",0,1,1,1,0,0,0,0,0,0,0,0,0,0,0,0,0,0,0,0,0
"Philippe Willem van der Sleijden","Philippe Willem Sleyden","01256",0,0,0,0,0,0,1,1,1,1,0,0,0,0,0,0,0,0,0,0,0
"Lodewijk Gerard Greeve","Lodewijk Gerard Greeve","00483",0,0,0,0,0,0,0,0,0,1,1,1,0,0,0,0,0,0,0,0,0
"Joan Röell","Joan Röell","01118",0,0,0,0,0,1,1,1,1,0,0,1,1,0,0,1,1,0,0,0,0
"Iwan de Marchant et d'Ansembourg","Jean Baptiste Constantin Edgard Marie Marchant et d'Ansembourg","00876",0,0,0,0,0,0,0,0,0,0,0,0,1,1,0,0,0,0,0,0,0
"Petrus Franciscus Fruytier","Petrus Franciscus Fruytier","00430",0,0,0,0,0,0,0,0,0,0,0,0,0,0,0,1,1,1,1,1,1
"Alibert Cornelis Visser van IJzendoorn","Alibert Cornelis Visser van IJzendoorn","01445",0,0,0,0,0,0,0,0,0,0,0,0,0,0,0,0,0,0,1,1,1
"Jan Freerks Zijlker","Jan Freerks Zijlker","01608",1,1,1,0,0,0,0,0,0,0,0,0,0,0,0,0,0,0,0,0,0
"Jan Elias Nicolaas Schimmelpenninck van der Oye","Jan Elias Nicolaas Schimmelpenninck van der Oye","01204",0,0,0,0,0,0,0,0,1,1,1,1,1,0,0,0,0,0,0,0,0
"Hendrik Pyttersen Tzn.","Hendrik Pyttersen","01069",0,0,0,0,0,0,0,0,0,0,0,0,1,1,1,0,0,0,0,0,0
"Hendrik Jan van Braambeek","Hendrik Jan Braambeek","00190",0,0,0,0,0,0,0,0,0,0,0,0,0,0,0,0,0,0,0,0,1
"Joannes Paulus Theodorus van Nunen","Joannes Paulus Theodorus Nunen","00988",0,0,0,0,0,0,0,0,0,0,0,1,1,0,0,0,0,0,0,0,0
"Herman Frederik Groen van Waarder","Herman Frederik Groen van Waarder","00486",0,0,0,0,0,0,0,0,0,0,0,0,0,0,1,0,0,0,0,0,0
"Gerrit Jannink ","Gerrit Jannink","00634",0,0,0,0,0,0,0,0,0,0,0,0,0,0,0,0,1,1,1,1,0
"Gerrit Simons","Gerrit Simons","01249",0,1,1,1,0,0,0,0,0,0,0,0,0,0,0,0,0,0,0,0,0
"Arie Heijkoop","Arie Wouter Heijkoop","00579",0,0,0,0,0,0,0,0,0,0,0,0,0,0,0,0,0,0,0,0,1
"Jean Henri de Laat de Kanter","Jean Henri Laat de Kanter","00775",0,1,1,0,0,0,0,0,0,0,0,0,0,0,0,0,0,0,0,0,0
"Adriaan Marinus Schagen van Leeuwen","Adriaan Marius Schagen van Leeuwen","01183",0,0,0,0,0,1,0,0,0,0,0,0,0,0,0,0,0,0,0,0,0
"Johan Hugo Wicher Quirijn ter Spill","Johan Hugo Wicher Quirijn Spill","01289",0,0,0,0,0,0,0,0,0,0,0,0,0,0,0,0,0,0,1,1,0
"Jacob Kalff","Jacob Kalff","00668",0,0,0,1,0,0,0,0,0,0,0,0,0,0,0,0,0,0,0,0,0
"Petrus Hendrik Roessingh","Petrus Hendrik Roessingh","01120",0,0,0,0,0,0,0,0,0,0,0,0,1,1,1,1,1,1,0,0,0
"Jacob Pieter Pompejus van Zuylen van Nijevelt","Jacob Pieter Pompejus Zuylen van Nijevelt","01602",1,1,1,0,0,0,0,0,0,0,0,0,0,0,0,0,0,0,0,0,0
"Herman Jacob Kist","Herman Jacob Kist","00701",0,0,0,0,0,0,1,1,1,1,1,0,0,0,0,0,0,0,0,0,0
"Lambert de Ram","Lambertus Dominicus Johannes Ludovicus Ram","01079",0,0,0,0,0,0,0,0,0,0,0,1,1,1,1,1,1,1,0,0,0
"Aris Kool","Aris Kool","00731",0,0,0,0,0,0,0,0,0,0,0,0,0,0,1,0,0,0,0,0,0
"Otto Jacob Eifelanus van Wassenaer van Catwijck","Otto Jacob Eifelanus Wassenaer van Catwijck","01510",0,0,0,0,0,0,0,0,0,0,0,0,0,0,0,0,1,0,0,0,0
"Petrus Abraham Samuel van Limburg Brouwer","Petrus Abraham Samuel Limburg Brouwer","00823",1,1,1,0,0,0,0,0,0,0,0,0,0,0,0,0,0,0,0,0,0
"Pieter Christaan Jacobus Hennequin","Pieter Christiaan Jacobus Hennequin","00562",0,0,0,0,0,0,0,0,0,0,0,0,0,0,1,0,0,0,0,0,0
"Willem van Manen Jzn.","Willem Manen","00873",0,0,0,0,0,0,0,0,0,0,0,0,0,0,0,0,1,0,0,0,0
"Joannes Coenraad Jansen","Joannes Coenraad Jansen","00635",0,0,0,0,0,0,0,0,0,0,0,0,0,0,0,0,1,1,1,1,0
"Willem Hubert Pijls","Willem Hubert Pyls","01065",0,0,0,1,0,0,0,0,0,0,0,0,0,0,0,0,0,0,0,0,0
"Arnold Kerdijk","Arnold Kerdijk","00682",0,0,0,0,0,0,0,0,0,0,1,1,1,1,1,0,0,0,0,0,0
"Henri François Rudolf Hubrecht","Henri François Rudolf Hubrecht","00613",0,0,0,0,0,0,0,0,0,0,0,0,0,0,0,0,0,0,1,0,0
"Cornelis Herman den Hertog","Cornelis Herman Hertog","00567",0,0,0,0,0,0,0,0,0,0,0,0,0,0,0,1,0,0,0,0,0
"George Auguste Vorsterman van Oyen","George Auguste Vorsterman van Oijen","01472",0,0,0,0,0,0,0,0,0,0,0,0,0,0,0,0,0,1,0,0,0
"Johannes van Leeuwen","Johannes Leeuwen","00796",0,0,0,0,0,0,0,0,0,0,0,0,0,0,0,0,0,0,1,1,0
"Æneas Mackay ","Æneas Mackay","00861",1,0,0,0,0,0,0,0,0,0,0,0,0,0,0,0,0,0,0,0,0
"Egbert Broer Kielstra","Egbert Broer Kielstra","00696",0,0,0,0,0,0,0,0,1,1,1,0,1,0,0,0,0,0,0,0,0
"Jacobus Marinus Pijnacker Hordijk","Jacobus Marinus Pijnacker Hordijk","01067",0,0,0,0,0,0,0,0,0,0,0,0,1,1,1,1,0,0,0,0,0
"Gustaaf Eugenius Gijsbert Constant Karel Dommer van Poldersveldt","Gustaaf Eugenius Gijsbert Constant Karel Dommer van Poldersveldt","00327",1,0,0,0,0,0,0,0,0,0,0,0,0,0,0,0,0,0,0,0,0
"Paul Therèse van der Maesen de Sombreff","Paul Theresia Maesen de Sombreff","00870",0,1,1,1,1,0,0,0,0,0,0,0,0,0,0,0,0,0,0,0,0
"Gerlach Cornelis Joannes van Reenen ","Gerlach Cornelis Joannes Reenen","01092",0,0,1,0,1,0,0,0,0,0,0,0,0,0,0,0,0,0,0,0,0
"Constant Maurits Ernst van Löben Sels","Constant Maurits Ernst Löben Sels","00833",0,0,0,0,0,0,0,0,0,0,0,1,1,0,0,0,0,0,0,0,0
"Floris Willem van Styrum ","Floris Willem Styrum","01324",0,0,0,0,0,0,0,0,0,0,0,0,0,0,0,1,0,0,0,0,0
"Pieter Rudolf Mees","Pieter Rudolf Mees","00888",0,0,0,0,0,0,0,0,0,0,0,0,0,0,0,0,1,0,0,0,0
"Jan Samuel François van Hoogstraten","Jan Samuel François Hoogstraten","00601",0,0,0,0,0,0,0,0,0,0,0,0,0,0,0,0,0,1,0,0,0
"Franciscus Lieftinck","Franciscus Lieftinck","00815",0,0,0,0,0,1,1,1,1,1,1,1,1,1,1,1,1,1,1,0,0
"Isaäc Abraham Levy","Isaäc Abraham Levy","00809",0,0,0,0,0,0,0,0,0,0,1,0,1,0,0,0,0,0,0,0,0
"Willem Adriaan Viruly Verbrugge","Willem Adriaan Viruly Verbrugge","01437",1,1,1,1,1,1,1,1,1,1,1,1,0,1,0,0,0,0,0,0,0
"Otto Jacob Eifelanus van Wassenaer van Catwijck","Otto Jacob Eifelanus Wassenaer van Catwijck","01510",0,0,0,0,0,0,0,0,0,0,0,1,1,0,0,1,0,1,1,0,0
"Pieter Rink","Pieter Rink","01113",0,0,0,0,0,0,0,0,0,0,0,0,1,1,1,1,0,1,1,1,1
"Nicolaas Glinderman","Nicolaas Glinderman","00463",0,0,0,0,0,0,0,0,0,0,0,1,0,0,0,0,0,0,0,0,0
"Laurentius Nicolaas Deckers","Laurentius Nicolaas Deckers","00292",0,0,0,0,0,0,0,0,0,0,0,0,0,0,0,0,0,0,0,0,1
"Antonius Alexis Josephus Meijlink","Antonius Alexis Josephus Meijlink","00918",1,0,0,0,0,0,0,0,0,0,0,0,0,0,0,0,0,0,0,0,0
"Joannes Josephus van Mulken","Joannes Josephus Mulken","00947",1,1,1,0,0,0,0,0,0,0,0,0,0,0,0,0,0,0,0,0,0
"Jan Jacob Rochussen","Jan Jacob Rochussen","01116",0,1,1,1,0,0,0,0,0,0,0,0,0,0,0,0,0,0,0,0,0
"Daniël Koorders","Daniël Koorders","00736",0,0,0,1,0,0,0,0,0,0,0,0,0,0,0,0,0,0,0,0,0
"Cornelis Fock","Cornelis Fock","00409",0,0,0,0,1,0,0,0,0,0,0,0,0,0,0,0,0,0,0,0,0
"Dionysius Adrianus Petrus Norbertus Koolen","Dionysius Adrianus Petrus Norbertus Koolen","00733",0,0,0,0,0,0,0,0,0,0,0,0,0,0,0,0,1,1,1,1,1
"Louis Hermans","Louis Maximiliaan Hermans","00565",0,0,0,0,0,0,0,0,0,0,0,0,0,0,0,0,0,0,0,0,1
"Lambertus Eduard Lenting","Lambertus Eduard Lenting","00808",0,0,0,1,1,1,1,0,0,0,0,0,0,0,0,0,0,0,0,0,0
"Jan Rudolf Meesters","Jan Rudolf Meesters","00894",0,0,0,0,0,0,0,0,0,1,1,0,0,0,0,0,0,0,0,0,0
"Jan Jacob Willinge ","Jan Jacob Willinge","01551",0,0,0,0,0,0,0,0,0,0,0,0,0,1,1,1,0,0,0,0,0
"Antonius Everdinus van Kempen","Antonius Everdinus Kempen","00678",0,0,0,0,0,0,0,0,0,0,0,0,0,0,1,1,0,0,0,0,0
"Albertus de Jong","Albertus Jong","00647",0,0,0,0,0,0,0,0,0,0,0,0,0,0,0,0,0,1,0,0,0
"Maup Mendels","Maurits Mendels","00902",0,0,0,0,0,0,0,0,0,0,0,0,0,0,0,0,0,0,1,1,0
"Cornelis Jacob Sickesz","Cornelis Jacob Sickesz","01246",0,0,0,0,0,1,1,0,0,0,0,0,0,0,0,0,0,0,0,0,0
"Hubert Philippus de Kanter","Hubert Philippus Kanter","00671",0,0,0,0,0,0,0,0,0,0,0,0,1,1,0,0,0,0,0,0,0
"Eduard Ellis van Raalte","Eduard Ellis Raalte","01075",0,0,0,0,0,0,0,0,0,0,0,0,0,0,1,1,0,0,1,1,0
"Dirk de Klerk","Dirk Klerk","00704",0,0,0,0,0,0,0,0,0,0,0,0,0,0,1,1,1,1,0,0,0
"Pieter van Vliet","Pieter Vliet","01454",0,0,0,0,0,0,0,0,0,0,0,0,0,0,0,1,1,1,1,1,0
"Jan Weitkamp","Jan Weitkamp","01514",0,0,0,0,0,0,0,0,0,0,0,0,0,0,0,0,0,0,0,0,1
"Asser van Nierop","Ahasverus Samuel Nierop","00963",0,1,1,0,0,0,0,0,0,0,0,0,0,0,0,0,0,0,0,0,0
"Joannes Barendinus van Osenbruggen","Johannes Barendinus Osenbruggen","01006",0,0,0,0,0,1,0,1,0,1,0,1,0,0,0,0,0,0,0,0,0
"Jan Hubert Joseph Schreinemacher","Jan Hubert Joseph Schreinemacher","01228",0,0,0,0,0,0,0,0,0,0,0,1,1,0,0,0,0,0,0,0,0
"Joost van Vollenhoven ","Joost Vollenhoven","01460",0,0,0,0,0,0,0,0,0,0,0,0,0,0,0,0,0,0,1,1,0
"Johannes Baptiste van Dijk","Johannes Baptiste Dijk","00363",0,0,0,0,0,0,0,0,0,0,0,0,0,0,0,0,0,0,0,0,1
"Johannes van Kuyk","Johannes Kuyk","00765",0,0,0,1,0,0,0,0,0,0,0,0,0,0,0,0,0,0,0,0,0
"Sebastiaan Mattheüs Sigismund de Ranitz","Sebastiaan Mattheüs Sigismund Ranitz","01081",0,0,0,0,0,0,0,0,1,1,1,0,0,0,0,0,0,0,0,0,0
"Johannes Barendinus van Osenbruggen","Johannes Barendinus Osenbruggen","01006",0,0,0,0,0,0,1,0,1,0,1,0,0,0,0,0,0,0,0,0,0
"Willem Rooseboom","Willem Rooseboom","01130",0,0,0,0,0,0,0,0,1,1,1,1,0,0,0,0,0,0,0,0,0
"Alexander Willem Frederik Idenburg","Alexander Willem Frederik Idenburg","00623",0,0,0,0,0,0,0,0,0,0,0,0,0,0,0,1,0,0,0,0,0
"Hendrik Jan Smidt","Hendrik Jan Smidt","01272",0,0,0,1,1,1,0,0,0,0,0,1,0,0,0,0,0,0,0,0,0
"Derk de Ruiter Zijlker","Derk Ruiter Zijlker","01142",0,0,0,1,1,1,1,1,1,1,1,1,0,0,0,0,0,0,0,0,0
"Geuchien Zijlma","Geuchien Zijlma","01609",0,0,0,0,0,0,0,0,0,0,0,0,1,1,1,1,1,0,0,0,0
"Johannes Krap","Johannes Krap","00750",0,0,0,0,0,0,0,0,0,0,0,0,0,0,1,1,0,0,0,0,0
"Hendrik Okma","Hendrik Okma","00995",0,0,0,0,0,0,0,0,0,0,0,0,0,0,0,1,1,0,0,0,0
"Goswijn Sannes","Goswijn Willem Sannes","01170",0,0,0,0,0,0,0,0,0,0,0,0,0,0,0,0,0,0,1,1,1
"Henri Wttewaall van Stoetwegen","Henri Assuërus Wttewaall van Stoetwegen","01571",0,1,1,0,0,0,0,0,0,0,0,0,0,0,0,0,0,0,0,0,0
"Maarten Noordtzij","Maarten Noordtzij","00986",0,0,0,0,0,0,0,0,0,0,0,0,1,0,0,0,0,0,0,0,0
"Willem Caspar de Jonge","Willem Caspar Jonge","00657",0,0,0,0,0,0,0,0,0,0,0,0,0,0,0,0,0,0,0,0,1
"Jan van Swieten","Jan Swieten","01331",0,1,1,0,0,0,0,0,0,0,0,0,0,0,0,0,0,0,0,0,0
"Lodewijk Johan Sigismund van Kempen","Lodewijk Johan Sigismund Kempen","00680",0,0,0,0,0,0,0,0,0,0,0,1,0,0,0,0,0,0,0,0,0
"Joseph Matthias Maria Hubertus Merckelbach","Joseph Matthias Maria Hubertus Merckelbach","00904",0,0,0,0,0,0,0,0,0,0,0,0,0,0,1,1,0,0,0,0,0
"Jan Schouten ","Johannes Schouten","01225",0,0,0,0,0,0,0,0,0,0,0,0,0,0,0,0,0,0,0,0,1
"Philippe Willem van der Sleyden","Philippe Willem Sleyden","01256",0,0,0,0,0,0,0,0,0,0,1,0,0,0,0,0,0,0,0,0,0
"Jacobus Antonius Nicolaas Travaglino","Jacobus Antonius Nicolaas Travaglino","01374",0,0,0,0,0,0,0,0,0,0,0,1,1,1,1,1,0,0,0,0,0
"Alex van Lynden van Sandenburg","Frederik Alexander Carel Lynden van Sandenburg","00858",0,0,0,0,0,0,0,0,0,0,0,0,0,0,0,0,0,1,0,0,0
"Willem Julius Emile Herman Marten de Jong","Willem Julius Emile Herman Marten Jong","00655",0,0,0,0,0,0,0,0,0,0,0,0,0,0,0,0,0,0,0,1,0
"Walle Melis Oppedijk","Walle Melis Oppedijk","01005",0,0,0,0,0,0,0,0,0,0,0,1,1,0,0,0,0,0,0,0,0
"Theo de Meester","Jan Meesters","00893",0,0,0,0,0,0,0,0,0,0,0,0,0,0,0,0,0,1,1,0,0
"Henri Polak","Henri Polak","01046",0,0,0,0,0,0,0,0,0,0,0,0,0,0,0,0,0,0,1,0,0
"Arie Smit ","Arie Smit","01273",0,0,0,0,0,0,0,0,0,1,1,0,1,1,0,0,0,0,0,0,0
"Josephus Theodorus Maria Smits van Oyen","Josephus Theodorus Maria Smits van Oijen","01280",0,0,0,0,0,0,0,0,0,0,0,0,1,1,1,0,0,0,0,0,0
"Nicolaas de Ridder","Nicolaas Ridder","01110",0,0,0,0,0,0,0,0,0,0,0,0,0,0,0,1,1,1,0,0,0
"Octaaf van Nispen tot Sevenaer","Octave François Augustin Marie Nispen tot Sevenaer","00977",0,0,0,0,0,0,0,0,0,0,0,0,0,0,0,1,1,1,1,0,0
"François Janssen","Franciscus Isidorus Josephus Janssen","00638",0,0,0,0,0,0,0,0,0,0,0,0,0,0,0,0,0,0,0,1,0
"Chris Smeenk","Christiaan Smeenk","01270",0,0,0,0,0,0,0,0,0,0,0,0,0,0,0,0,0,0,0,0,1
"Willem Anthony Froger","Willem Anthony Froger","00428",0,0,0,0,0,1,0,0,0,0,0,0,0,0,0,0,0,0,0,0,0
"Willem Anthonie Froger","Willem Anthony Froger","00428",0,0,0,0,0,0,1,0,0,0,0,0,0,0,0,0,0,0,0,0,0
"Joor Bastiaan Verheij","Joor Bastiaan Verheij","01411",0,0,0,0,0,0,0,0,0,0,0,0,0,0,1,1,1,1,0,0,0
"Gerrit Adriaan Arnold Middelberg","Gerrit Adriaan Arnold Middelberg","00925",0,0,0,0,0,0,0,0,0,0,0,0,0,0,0,0,0,1,0,0,0
"Wilhelmus Johannes Franciscus Juten","Wilhelmus Johannes Franciscus Juten","00665",0,0,0,0,0,0,0,0,0,0,0,0,0,0,0,0,0,0,1,1,1
"Hendrik van Loghem","Hendrik Loghem","00838",1,0,0,0,0,0,0,0,0,0,0,0,0,0,0,0,0,0,0,0,0
"Simon Taco Land","Simon Taco Land","00781",0,0,0,0,0,0,0,0,0,0,0,1,1,1,0,0,0,0,0,0,0
"Rudolf Patijn","Rudolf Johan Hendrik Patijn","01023",0,0,0,0,0,0,0,0,0,0,0,0,0,0,0,0,0,1,0,0,0
"Johan Hendrik Lasonder","Johan Hendrik Lasonder","00789",0,0,0,0,0,0,0,0,0,0,0,0,0,0,0,0,0,0,1,0,0
"Hendrik Spiekman","Hendrik Spiekman","01288",0,0,0,0,0,0,0,0,0,0,0,0,0,0,0,0,0,0,1,1,0
"Gerrit Abraham de Meester","Gerrit Abraham Meester","00891",1,0,0,0,0,0,0,0,0,0,0,0,0,0,0,0,0,0,0,0,0
"Jan Hendrik Frans Karel van Swinderen","Jan Hendrik Frans Karel Swinderen","01333",0,0,0,0,0,1,0,0,0,0,0,0,0,0,0,0,0,0,0,0,0
"Dirk Visser van Hazerswoude","Dirk Visser van Hazerswoude","01444",0,0,0,0,0,0,0,0,0,1,0,1,0,0,0,0,0,0,0,0,0
"Dirk Visser van Hazerswoud","Dirk Visser van Hazerswoude","01444",0,0,0,0,0,0,0,0,0,0,1,0,0,0,0,0,0,0,0,0,0
"Johan Rudolph Thorbecke","Johan Rudolf Thorbecke","01361",0,1,1,1,0,0,0,0,0,0,0,0,0,0,0,0,0,0,0,0,0
"Bernardus Reinierus Franciscus van Vlijmen","Bernardus Reinierus Franciscus Vlijmen","01458",0,0,0,0,0,0,0,0,0,0,0,1,1,1,1,1,1,1,1,1,0
"Alexander Dirk Peter Valentijn van Löben Sels","Alexander Dirk Peter Valentijn Löben Sels","00832",0,0,0,0,0,0,0,0,0,0,0,0,0,0,0,1,0,0,0,0,0
"Syb Talma","Aritius Sybrandus Talma","01340",0,0,0,0,0,0,0,0,0,0,0,0,0,0,0,1,1,0,0,0,0
"Henry David Levyssohn Norman","Henry David Levyssohn Norman","00810",0,0,0,0,0,0,0,0,0,0,0,1,1,0,0,0,0,0,0,0,0
"Klaas Harshoorn de Jong","Klaas Harshoorn Jong","00650",0,0,0,0,1,1,0,0,0,0,0,0,0,0,0,0,0,0,0,0,0
"Jan Willink","Jan Willink","01552",0,0,0,0,0,0,0,0,0,1,1,0,0,0,0,0,0,0,0,0,0
"Jacob Adriaan de Wilde","Jacob Adriaan Wilde","01548",0,0,0,0,0,0,0,0,0,0,0,0,0,0,0,0,0,0,0,0,1
"Johannes Zaaijer Azn.","Johannes Zaaijer","01591",0,0,0,0,0,0,0,0,0,1,1,1,1,0,0,0,0,0,0,0,0
"Frederik de Monté VerLoren","Frederik Herman Monté VerLoren","00940",0,0,0,0,0,0,0,0,0,0,0,0,0,0,0,0,0,1,0,0,0
"Piet Haazevoet","Petrus Johannes Joseph Haazevoet","00506",0,0,0,0,0,0,0,0,0,0,0,0,0,0,0,0,0,0,0,0,1
"Frans Ossendorp","Frans Lodewijk Ossendorp","01007",0,0,0,0,0,0,0,0,0,0,0,0,0,0,0,0,0,0,0,0,1
"Ruurd Klazer Okma","Ruurd Klazer Okma","00996",0,0,0,0,0,0,0,0,0,0,0,1,0,0,0,0,0,0,0,0,0
"Albertus Zijlstra","Albertus Zijlstra","01610",0,0,0,0,0,0,0,0,0,0,0,0,0,0,0,0,0,0,0,0,1
"Donald Jacob Mackay","Donald Jacob Mackay","00863",0,0,0,0,1,1,0,0,0,0,0,0,0,0,0,0,0,0,0,0,0
"Felix Walter","Felix Joannes Franciscus Maria Walter","01507",0,0,0,0,0,0,0,0,0,0,0,1,1,0,0,0,0,0,0,0,0
"Rudolf Johan Hendrik Patijn","Rudolf Johan Hendrik Patijn","01023",0,0,0,0,0,0,0,0,0,0,0,0,0,0,0,0,1,0,1,1,0
"Johannes Dirk van der Poel","Johannes Dirk Poel","01041",1,0,0,0,0,0,0,0,0,0,0,0,0,0,0,0,0,0,0,0,0
"Arthur Kool","Arthur Kool","00732",0,0,0,0,0,1,1,0,0,0,0,0,0,0,0,0,0,0,0,0,0
"Simon van Velzen","Simon Velzen","01404",0,0,0,0,0,0,0,0,0,0,0,1,1,0,0,0,0,0,0,0,0
"Jan Oudegeest","Jan Oudegeest","01011",0,0,0,0,0,0,0,0,0,0,0,0,0,0,0,0,0,0,0,0,1
"Edmond Robert Hubert Regout","Edmond Robert Hubert Regout","01094",0,0,0,0,0,0,0,0,0,0,0,0,0,0,0,0,0,1,0,0,0
"Jan Hendrik de Waal Malefijt","Jan Hendrik Waal Malefijt","01498",0,0,0,0,0,0,0,0,0,0,0,0,0,0,1,1,1,0,0,0,0
"Eltjo Rugge","Eltjo Rugge","01140",0,0,0,0,0,0,0,0,0,0,0,0,0,0,0,0,0,0,0,0,1
"Cornelis Jacob den Tex","Cornelis Jacob Tex","01352",0,0,0,0,0,0,0,0,0,0,0,0,0,0,0,1,0,0,0,0,0
"Frederik Hendrik Karel Ernest de Keverberg van Kessel","Frederik Hendrik Karel Ernest Keverberg van Kessel","00692",1,0,0,0,0,0,0,0,0,0,0,0,0,0,0,0,0,0,0,0,0
"Willem Hubert Pyls","Willem Hubert Pyls","01065",0,0,0,0,1,0,0,0,0,0,0,0,0,0,0,0,0,0,0,0,0
"Charles Ruijs de Beerenbrouck","Charles Joseph Marie Ruijs de Beerenbrouck","01152",0,0,0,0,0,0,0,0,0,0,0,0,0,0,0,0,1,1,1,1,0
"Jan Truijen","Petrus Johannes Truijen","01378",0,0,0,0,0,0,0,0,0,0,0,0,0,1,1,0,0,0,0,0,0
"Nicolaas Pierson ","Nicolaas Gerard Pierson","01034",0,0,0,0,0,0,0,0,0,0,0,0,0,0,0,0,1,0,0,0,0
"Lodewijk Thomson","Lodewijk Willem Johan Karel Thomson","01359",0,0,0,0,0,0,0,0,0,0,0,0,0,0,0,0,0,1,0,0,0
"Ludolph Anne Jan Wilt Sloet van de Beele","Ludolph Anne Jan Wilt Sloet van de Beele","01259",0,0,0,1,0,0,0,0,0,0,0,0,0,0,0,0,0,0,0,0,0
"Edmond Robert Hubert Regout","Edmond Robert Hubert Regout","01094",0,0,0,0,0,0,0,0,0,0,0,0,0,0,0,0,1,0,0,0,0
"Kees Kuiper","Cornelis Jacobus Kuiper","00760",0,0,0,0,0,0,0,0,0,0,0,0,0,0,0,0,0,0,0,0,1
"Klaas Reyne","Klaas Reyne","01106",0,0,0,0,0,0,0,0,0,0,0,0,0,0,0,0,1,0,0,0,0
"Eelko Schaafsma","Eelco Schaafsma","01179",0,0,0,0,0,0,0,0,0,0,0,0,0,1,1,0,0,0,0,0,0
"Karel Raymakers","Carolus Antonius Maria Raymakers","01087",0,0,0,0,0,0,0,0,0,0,0,0,0,0,0,1,0,0,0,0,0
"Victor de Stuers","Victor Eugène Louis Stuers","01320",0,0,0,0,0,0,0,0,0,0,0,0,0,0,0,1,1,1,1,0,0
"Nanne Sluis Pzn.","Nanne Sluis","01263",0,0,0,0,0,0,0,0,0,0,0,0,0,0,0,1,0,0,0,0,0
"Adrianus Cornelis Antonie van Vuuren","Adrianus Cornelis Antonie Vuuren","01494",0,0,0,0,0,0,0,0,0,0,0,0,0,0,0,0,1,1,1,1,1
"Theo van der Waerden","Theodorus Waerden","01500",0,0,0,0,0,0,0,0,0,0,0,0,0,0,0,0,0,0,0,0,1
"Luutzen de Vries","Luitzen Walles Vries","01488",0,0,0,0,0,0,0,0,0,0,0,1,0,0,0,0,0,0,0,0,0
"Willem de Vlugt","Willem Vlugt","01457",0,0,0,0,0,0,0,0,0,0,0,0,0,0,0,0,0,1,0,0,0
"Antonius Ignatius Maria Josephus van Wijnbergen","Antonius Ignatius Maria Josephus Wijnbergen","01583",0,0,0,0,0,0,0,0,0,0,0,0,0,0,0,0,0,0,0,1,1
"Johannes Antonius Poels","Johannes Antonius Poels","01043",0,0,0,0,0,0,0,0,0,0,0,0,0,0,0,0,0,0,0,0,1
"August Lodewijk Willem Seyffardt","August Lodewijk Willem Seyffardt","01242",0,0,0,0,0,0,0,0,0,0,0,1,0,0,0,0,0,0,0,0,0
"Jan van Zadelhoff","Johannes Hendrikus Franciscus Zadelhoff","01592",0,0,0,0,0,0,0,0,0,0,0,0,0,0,0,0,0,0,0,0,1
"Paul Reymer","Paul Johan Reymer","01105",0,0,0,0,0,0,0,0,0,0,0,0,0,0,0,0,0,0,0,0,1
"Lodewijk Willem Johan Karel Thomson","Lodewijk Willem Johan Karel Thomson","01359",0,0,0,0,0,0,0,0,0,0,0,0,0,0,0,0,1,0,0,0,0
"Franciscus Hubertus van Wichen","Franciscus Hubertus Wichen","01538",0,0,0,0,0,0,0,0,0,0,0,0,0,0,0,1,1,1,1,0,0
"Adriaan Marius Schagen van Leeuwen","Adriaan Marius Schagen van Leeuwen","01183",0,0,0,0,0,0,1,0,0,0,0,0,0,0,0,0,0,0,0,0,0
"Jacob Dirk Veegens","Jacob Dirk Veegens","01391",0,0,0,0,0,0,0,0,0,0,0,1,1,1,1,0,0,0,0,0,0
"Sjoerd Vening Meinesz","Sjoerd Anne Vening Meinesz","01405",0,0,0,0,0,1,1,0,0,0,0,0,0,0,0,0,0,0,0,0,0
"Willem Karel Marie Vrolik","Willem Karel Marie Vrolik","01491",0,0,0,0,0,0,0,0,0,0,0,0,1,0,0,0,0,0,0,0,0
"Hendrikus Stulemeijer","Hendrikus Stulemeijer","01322",0,0,0,0,0,0,0,0,0,0,0,0,0,0,0,0,0,0,0,0,1
"Manta Meindert Schim van der Loeff","Manta Meindert Schim van der Loeff","01198",0,0,0,0,0,0,0,0,0,0,0,0,0,0,0,0,0,0,1,0,0
"Isidorus Antonius Swane","Isidorus Antonius Swane","01328",0,0,0,0,0,0,0,0,0,0,0,0,0,0,0,0,0,0,0,0,1
"Gerrit de Vries Azn.","Gerrit Vries","01487",0,0,0,0,0,1,0,0,0,0,0,0,0,0,0,0,0,0,0,0,0
"Stephanus Martinus van Wijck","Stephanus Martinus Wijck","01573",0,0,0,0,0,0,0,0,0,0,0,0,0,0,0,1,0,0,0,0,0
"Jef Wintermans","Josephus Jacobus Wintermans","01555",0,0,0,0,0,0,0,0,0,0,0,0,0,0,0,0,0,0,0,0,1
