"","gemeente","1848","1850","1888","1897","district"
"1","Adorp",1,NA,NA,NA,"Groningen"
"2","Bedum",NA,NA,1,NA,"Groningen"
"3","Groningen",1,1,1,1,"Groningen"
"4","Haren
Haren",1,1,1,NA,"Groningen"
"5","Hoogezand",1,1,1,NA,"Groningen"
"6","Hoogkerk",1,NA,NA,NA,"Groningen"
"7","Noorddijk",1,NA,1,NA,"Groningen"
"8","Sappemeer",NA,1,NA,NA,"Groningen"
"9","Slochteren",NA,NA,1,NA,"Groningen"
"10","Ten Boer",NA,NA,1,NA,"Groningen"
"11","Aduard",1,NA,NA,NA,"Onderdendam"
"12","Baflo",1,NA,NA,NA,"Onderdendam"
"13","Bedum",1,NA,NA,NA,"Onderdendam"
"14","Eenrum",1,NA,NA,NA,"Onderdendam"
"15","Ezinge",1,NA,NA,NA,"Onderdendam"
"16","Grijpskerk",1,NA,NA,NA,"Onderdendam"
"17","Grootegast",1,NA,NA,NA,"Onderdendam"
"18","Kantens",1,NA,NA,NA,"Onderdendam"
"19","Kloosterburen",1,NA,NA,NA,"Onderdendam"
"20","Leek",1,NA,NA,NA,"Onderdendam"
"21","Leens",1,NA,NA,NA,"Onderdendam"
"22","Marum",1,NA,NA,NA,"Onderdendam"
"23","Middelstum",1,NA,NA,NA,"Onderdendam"
"24","Oldehove",1,NA,NA,NA,"Onderdendam"
"25","Oldekerk",1,NA,NA,NA,"Onderdendam"
"26","Ulrum",1,NA,NA,NA,"Onderdendam"
"27","Usquert",1,NA,NA,NA,"Onderdendam"
"28","Warffum",1,NA,NA,NA,"Onderdendam"
"29","Winsum",1,NA,NA,NA,"Onderdendam"
"30","Zuidhorn",1,NA,NA,NA,"Onderdendam"
"31","'t Zandt",1,1,1,1,"Appingedam"
"32","Appingedam",1,1,1,1,"Appingedam"
"33","Baflo",NA,NA,1,1,"Appingedam"
"34","Beerta",NA,1,NA,NA,"Appingedam"
"35","Bellingwolde",NA,1,NA,NA,"Appingedam"
"36","Bierum",1,1,1,1,"Appingedam"
"37","Delfzijl",1,1,1,1,"Appingedam"
"38","Eenrum",NA,NA,1,1,"Appingedam"
"39","Finsterwolde",NA,1,NA,NA,"Appingedam"
"40","Kantens",NA,1,1,1,"Appingedam"
"41","Loppersum",1,1,1,1,"Appingedam"
"42","Meeden",NA,1,NA,NA,"Appingedam"
"43","Middelstum",NA,1,1,1,"Appingedam"
"44","Midwolde",1,1,NA,NA,"Appingedam"
"45","Muntendam",NA,1,NA,NA,"Appingedam"
"46","Nieuwe-Pekela",NA,1,NA,NA,"Appingedam"
"47","Nieuwe-Schans",NA,1,NA,NA,"Appingedam"
"48","Nieuwolda",1,1,NA,NA,"Appingedam"
"49","Noordbroek",1,1,NA,NA,"Appingedam"
"50","Oude-Pekela",NA,1,NA,NA,"Appingedam"
"51","Sappemeer",1,NA,NA,NA,"Appingedam"
"52","Scheemda",NA,1,NA,NA,"Appingedam"
"53","Slochteren",1,1,NA,NA,"Appingedam"
"54","Stedum",1,1,1,1,"Appingedam"
"55","Ten Boer",1,1,NA,NA,"Appingedam"
"56","Beerta",1,NA,1,1,"Winschoten"
"57","Bellingwolde",1,NA,1,1,"Winschoten"
"58","Finsterwolde",1,NA,1,1,"Winschoten"
"59","Meeden",1,NA,NA,NA,"Winschoten"
"60","Midwolda",NA,NA,1,1,"Winschoten"
"61","Muntendam",1,NA,NA,NA,"Winschoten"
"62","Nieuwe-Pekela",1,NA,NA,NA,"Winschoten"
"63","Nieuwe-Schans",1,NA,1,1,"Winschoten"
"64","Nieuwolda",NA,NA,1,1,"Winschoten"
"65","Noordbroek",NA,NA,1,1,"Winschoten"
"66","Onstwedde",1,NA,NA,NA,"Winschoten"
"67","Oude-Pekela",1,NA,NA,NA,"Winschoten"
"68","Scheemda",1,NA,1,1,"Winschoten"
"69","Termunten",NA,NA,1,1,"Winschoten"
"70","Veendam",1,NA,NA,NA,"Winschoten"
"71","Vlagtwedde",1,NA,NA,NA,"Winschoten"
"72","Wedde",1,NA,1,1,"Winschoten"
"73","Wildervank",1,NA,NA,NA,"Winschoten"
"74","Winschoten",1,NA,1,1,"Winschoten"
"75","Zuidbroek",NA,NA,1,1,"Winschoten"
"76","Barradeel",NA,1,NA,NA,"Leeuwarden"
"77","Bildt ('t)",NA,1,NA,NA,"Leeuwarden"
"78","Bolsward",NA,1,NA,NA,"Leeuwarden"
"79","Franeker",NA,1,NA,NA,"Leeuwarden"
"80","Franekeradeel",NA,1,NA,NA,"Leeuwarden"
"81","Harlingen",NA,1,NA,NA,"Leeuwarden"
"82","Idaarderadeel",1,NA,1,1,"Leeuwarden"
"83","Leeuwarden",1,1,1,1,"Leeuwarden"
"84","Leeuwarderadeel",1,1,1,1,"Leeuwarden"
"85","Menaldumadeel",1,1,NA,NA,"Leeuwarden"
"86","Tietjerksteradeel",1,1,NA,NA,"Leeuwarden"
"87","Wonseradeel",NA,1,NA,NA,"Leeuwarden"
"88","Achtkarspelen",1,1,NA,NA,"Dokkum"
"89","Ameland",1,1,1,1,"Dokkum"
"90","Dantumadeel",1,1,1,1,"Dokkum"
"91","Dokkum",1,1,1,1,"Dokkum"
"92","Ferwerderadeel",1,1,1,1,"Dokkum"
"93","Kollumerland",1,1,NA,NA,"Dokkum"
"94","Oostdongeradeel",1,1,1,1,"Dokkum"
"95","Schiermonnikoog",1,1,1,1,"Dokkum"
"96","Westdongeradeel",1,1,1,1,"Dokkum"
"97","Aengwirden",1,NA,NA,NA,"Heerenveen"
"98","Heerenveen",1,NA,NA,NA,"Heerenveen"
"99","Ooststellingwerf",1,NA,NA,NA,"Heerenveen"
"100","Opsterland",1,NA,NA,NA,"Heerenveen"
"101","Schoterland",1,NA,NA,NA,"Heerenveen"
"102","Smallingerland",1,NA,NA,NA,"Heerenveen"
"103","Utingeradeel",1,NA,NA,NA,"Heerenveen"
"104","Weststellingwerf",1,NA,NA,NA,"Heerenveen"
"105","Aengwirden",NA,1,NA,NA,"Sneek"
"106","Baarderadeel",NA,1,NA,NA,"Sneek"
"107","Doniawerstal",1,1,1,1,"Sneek"
"108","Gaasterland",1,1,1,1,"Sneek"
"109","Haskerland",1,1,NA,NA,"Sneek"
"110","Hemelumer Oldephaert",1,1,1,1,"Sneek"
"111","Hennaarderadeel",1,1,NA,NA,"Sneek"
"112","Hindeloopen",1,1,NA,NA,"Sneek"
"113","Idaarderadeel",NA,1,NA,NA,"Sneek"
"114","Lemsterland",1,1,NA,NA,"Sneek"
"115","Opsterland",NA,1,NA,NA,"Sneek"
"116","Rauwerderhem",1,1,1,1,"Sneek"
"117","Schoterland",NA,1,NA,NA,"Sneek"
"118","Sloten",1,1,1,1,"Sneek"
"119","Smallingerland",NA,1,NA,NA,"Sneek"
"120","Sneek",1,1,1,1,"Sneek"
"121","Stavoren",1,1,1,1,"Sneek"
"122","Utingeradeel",NA,1,NA,NA,"Sneek"
"123","Wijmbritseradeel",1,1,1,1,"Sneek"
"124","Workum",1,1,NA,NA,"Sneek"
"125","Ylst",1,1,1,1,"Sneek"
"126","Baarderadeel",1,NA,1,1,"Franeker"
"127","Barradeel",1,NA,NA,NA,"Franeker"
"128","Bildt ('t)",1,NA,1,1,"Franeker"
"129","Bolsward",1,NA,NA,NA,"Franeker"
"130","Franeker",1,NA,1,1,"Franeker"
"131","Franekeradeel",1,NA,1,1,"Franeker"
"132","Harlingen",1,NA,NA,NA,"Franeker"
"133","Hennaarderadeel",NA,NA,1,1,"Franeker"
"134","Menaldumadeel",NA,NA,1,1,"Franeker"
"135","Wonseradeel",1,NA,NA,NA,"Franeker"
"136","Anlo",1,1,1,1,"Assen"
"137","Assen",1,1,1,1,"Assen"
"138","Beilen",1,1,NA,NA,"Assen"
"139","Borger",1,1,NA,NA,"Assen"
"140","Coevorden",NA,1,NA,NA,"Assen"
"141","Dalen",NA,1,NA,NA,"Assen"
"142","De Wijk",NA,1,NA,NA,"Assen"
"143","Diever",1,1,NA,NA,"Assen"
"144","Dwingelo",1,1,NA,NA,"Assen"
"145","Eelde",1,1,1,1,"Assen"
"146","Emmen",NA,1,NA,NA,"Assen"
"147","Gasselte",1,1,1,1,"Assen"
"148","Gieten",1,1,1,1,"Assen"
"149","Havelte",NA,1,NA,NA,"Assen"
"150","Hoogeveen",NA,1,NA,NA,"Assen"
"151","Meppel",NA,1,NA,NA,"Assen"
"152","Nijeveen",NA,1,NA,NA,"Assen"
"153","Norg",1,1,1,1,"Assen"
"154","Odoorn",1,1,NA,NA,"Assen"
"155","Onstwedde",NA,1,NA,NA,"Assen"
"156","Oosterhesselen",NA,1,NA,NA,"Assen"
"157","Peize",1,1,1,1,"Assen"
"158","Roden",1,1,1,1,"Assen"
"159","Rolde",1,1,1,1,"Assen"
"160","Ruinen",NA,1,NA,NA,"Assen"
"161","Coevorden",1,NA,NA,NA,"Hoogeveen"
"162","Dalen",1,NA,NA,NA,"Hoogeveen"
"163","De Wijk",1,NA,NA,NA,"Hoogeveen"
"164","Emmen",1,NA,NA,NA,"Hoogeveen"
"165","Havelte",1,NA,NA,NA,"Hoogeveen"
"166","Hoogeveen",1,NA,NA,NA,"Hoogeveen"
"167","Meppel",1,NA,NA,NA,"Hoogeveen"
"168","Nijeveen",1,NA,NA,NA,"Hoogeveen"
"169","Oosterhesselen",1,NA,NA,NA,"Hoogeveen"
"170","Ruinen",1,NA,NA,NA,"Hoogeveen"
"171","Ruinerwold",1,NA,NA,NA,"Hoogeveen"
"172","Sleen",1,NA,NA,NA,"Hoogeveen"
"173","Zuidwolde",1,NA,NA,NA,"Hoogeveen"
"174","Zweelo",1,NA,NA,NA,"Hoogeveen"
"175","Avereest",1,1,NA,NA,"Zwolle"
"176","Dalfsen",1,1,1,1,"Zwolle"
"177","Doornspijk",NA,1,NA,NA,"Zwolle"
"178","Elburg",NA,1,NA,NA,"Zwolle"
"179","Genemuiden",NA,1,NA,NA,"Zwolle"
"180","Grafhorst",NA,1,NA,NA,"Zwolle"
"181","Hasselt",1,1,NA,NA,"Zwolle"
"182","Hattem",NA,1,NA,NA,"Zwolle"
"183","Heerde",NA,1,NA,NA,"Zwolle"
"184","Heino",NA,1,1,1,"Zwolle"
"185","Hellendoorn",NA,1,NA,NA,"Zwolle"
"186","Kampen",NA,1,NA,NA,"Zwolle"
"187","Kamperveen",NA,1,NA,NA,"Zwolle"
"188","Nieuwleusen",1,1,NA,NA,"Zwolle"
"189","Oldebroek",NA,1,NA,NA,"Zwolle"
"190","Olst",NA,1,NA,NA,"Zwolle"
"191","Raalte",NA,1,NA,NA,"Zwolle"
"192","Schokland",NA,1,NA,NA,"Zwolle"
"193","Staphorst",1,NA,NA,NA,"Zwolle"
"194","Wijhe",NA,1,1,1,"Zwolle"
"195","Wilsum",NA,1,NA,NA,"Zwolle"
"196","Ysselmuiden",NA,1,NA,NA,"Zwolle"
"197","Zalk en Veecaten",1,1,NA,NA,"Zwolle"
"198","Zwolle",1,1,1,1,"Zwolle"
"199","Zwollerkerspel",1,1,1,1,"Zwolle"
"200","Blankenham",1,NA,NA,NA,"Kampen"
"201","Blokzijl",1,NA,NA,NA,"Kampen"
"202","Doornspijk",NA,NA,1,1,"Kampen"
"203","Elburg",NA,NA,1,1,"Kampen"
"204","Genemuiden",1,NA,NA,NA,"Kampen"
"205","Giethoorn",1,NA,NA,NA,"Kampen"
"206","Grafhorst",1,NA,1,1,"Kampen"
"207","Hattem",NA,NA,1,1,"Kampen"
"208","Heerde",NA,NA,1,1,"Kampen"
"209","Kampen",1,NA,1,1,"Kampen"
"210","Kamperveen",1,NA,1,1,"Kampen"
"211","Kuinre",1,NA,NA,NA,"Kampen"
"212","Oldebroek",NA,NA,1,1,"Kampen"
"213","Oldemarkt",1,NA,NA,NA,"Kampen"
"214","Schokland",1,NA,NA,NA,"Kampen"
"215","Steenwijk",1,NA,NA,NA,"Kampen"
"216","Steenwijkerwold",1,NA,NA,NA,"Kampen"
"217","Vollenhove (Ambt-)",1,NA,NA,NA,"Kampen"
"218","Vollenhove (Stad-)",1,NA,NA,NA,"Kampen"
"219","Wanneperveen",1,NA,NA,NA,"Kampen"
"220","Wilsum",1,NA,1,1,"Kampen"
"221","Ysselmuiden",1,NA,1,1,"Kampen"
"222","Zalk en Veecaten",NA,NA,1,1,"Kampen"
"223","Zwartsluis",1,NA,NA,NA,"Kampen"
"224","Bathmen",1,1,1,NA,"Deventer"
"225","Deventer",1,1,1,NA,"Deventer"
"226","Diepenveen",1,1,1,NA,"Deventer"
"227","Epe",NA,1,NA,NA,"Deventer"
"228","Gorssel",NA,1,NA,NA,"Deventer"
"229","Heino",1,NA,NA,NA,"Deventer"
"230","Hellendoorn",1,NA,NA,NA,"Deventer"
"231","Holten",1,1,NA,NA,"Deventer"
"232","Markelo",NA,1,NA,NA,"Deventer"
"233","Olst",1,NA,1,NA,"Deventer"
"234","Raalte",1,NA,NA,NA,"Deventer"
"235","Voorst",NA,1,1,NA,"Deventer"
"236","Wijhe",1,NA,NA,NA,"Deventer"
"237","Almelo (Ambt-)",1,1,1,1,"Almelo"
"238","Almelo (Stad-)",1,1,1,1,"Almelo"
"239","Borne",1,1,1,1,"Almelo"
"240","Delden (Ambt-)",NA,1,NA,NA,"Almelo"
"241","Delden (Stad-)",NA,1,NA,NA,"Almelo"
"242","Denekamp",1,1,1,1,"Almelo"
"243","Enschede",NA,1,NA,NA,"Almelo"
"244","Goor",NA,1,NA,NA,"Almelo"
"245","Gramsbergen",1,1,NA,NA,"Almelo"
"246","Haaksbergen",NA,1,NA,NA,"Almelo"
"247","Ham (Den)",1,1,NA,NA,"Almelo"
"248","Hardenberg (Ambt-)",1,1,NA,NA,"Almelo"
"249","Hardenberg (Stad-)",1,1,NA,NA,"Almelo"
"250","Hengelo",NA,1,NA,NA,"Almelo"
"251","Lonneker",NA,1,NA,NA,"Almelo"
"252","Losser",NA,1,NA,NA,"Almelo"
"253","Oldenzaal",NA,1,NA,NA,"Almelo"
"254","Ommen (Ambt-)",1,1,NA,NA,"Almelo"
"255","Ommen (Stad-)",1,1,NA,NA,"Almelo"
"256","Ootmarsum",1,1,1,1,"Almelo"
"257","Rijssen",1,1,1,1,"Almelo"
"258","Tubbergen",1,1,1,1,"Almelo"
"259","Vriezenveen",1,1,NA,NA,"Almelo"
"260","Weerselo",NA,1,1,1,"Almelo"
"261","Wierden",1,1,1,1,"Almelo"
"262","Delden (Ambt-)",1,NA,NA,NA,"Enschede"
"263","Delden (Stad-)",1,NA,NA,NA,"Enschede"
"264","Diepenheim",1,NA,NA,NA,"Enschede"
"265","Enschede",1,NA,1,1,"Enschede"
"266","Goor",1,NA,NA,NA,"Enschede"
"267","Haaksbergen",1,NA,1,1,"Enschede"
"268","Hengelo",1,NA,1,1,"Enschede"
"269","Lonneker",1,NA,1,1,"Enschede"
"270","Losser",1,NA,1,1,"Enschede"
"271","Markelo",1,NA,NA,NA,"Enschede"
"272","Oldenzaal",1,NA,1,1,"Enschede"
"273","Weerselo",1,NA,NA,NA,"Enschede"
"274","Apeldoorn",1,1,NA,NA,"Arnhem"
"275","Arnhem",1,1,1,1,"Arnhem"
"276","Barneveld",NA,1,NA,NA,"Arnhem"
"277","Brummen",NA,1,NA,NA,"Arnhem"
"278","Doorwerth",1,1,NA,NA,"Arnhem"
"279","Ede",1,1,NA,NA,"Arnhem"
"280","Ermelo",NA,1,NA,NA,"Arnhem"
"281","Harderwijk",NA,1,NA,NA,"Arnhem"
"282","Hemmen",NA,1,NA,NA,"Arnhem"
"283","Heteren",NA,1,NA,NA,"Arnhem"
"284","Nijkerk",NA,1,NA,NA,"Arnhem"
"285","Putten",NA,1,NA,NA,"Arnhem"
"286","Renkum",1,1,NA,NA,"Arnhem"
"287","Rheden",1,1,NA,NA,"Arnhem"
"288","Rozendaal",1,1,NA,NA,"Arnhem"
"289","Wageningen",NA,1,NA,NA,"Arnhem"
"290","Barneveld",1,NA,NA,NA,"Harderwijk"
"291","Doornspijk",1,NA,NA,NA,"Harderwijk"
"292","Elburg",1,NA,NA,NA,"Harderwijk"
"293","Ermelo",1,NA,NA,NA,"Harderwijk"
"294","Harderwijk",1,NA,NA,NA,"Harderwijk"
"295","Hattem",1,NA,NA,NA,"Harderwijk"
"296","Heerde",1,NA,NA,NA,"Harderwijk"
"297","Hoevelaken",1,NA,NA,NA,"Harderwijk"
"298","Nijkerk",1,NA,NA,NA,"Harderwijk"
"299","Oldebroek",1,NA,NA,NA,"Harderwijk"
"300","Putten",1,NA,NA,NA,"Harderwijk"
"301","Scherpenzeel",1,NA,NA,NA,"Harderwijk"
"302","Aalten",NA,1,NA,NA,"Zutphen"
"303","Borculo",NA,1,NA,NA,"Zutphen"
"304","Brummen",1,NA,1,1,"Zutphen"
"305","Diepenheim",NA,1,NA,NA,"Zutphen"
"306","Dinxperlo",NA,1,NA,NA,"Zutphen"
"307","Doesburg",NA,1,1,1,"Zutphen"
"308","Doetinchem (Ambt-)",NA,1,NA,NA,"Zutphen"
"309","Doetinchem (Stad-)",NA,1,NA,NA,"Zutphen"
"310","Eibergen",NA,1,NA,NA,"Zutphen"
"311","Epe",1,NA,NA,NA,"Zutphen"
"312","Gorssel",1,NA,NA,NA,"Zutphen"
"313","Groenlo",NA,1,NA,NA,"Zutphen"
"314","Hengelo",1,1,1,1,"Zutphen"
"315","Hummelo",NA,1,1,1,"Zutphen"
"316","Laren",NA,1,NA,NA,"Zutphen"
"317","Lichtenvoorde",NA,1,NA,NA,"Zutphen"
"318","Lochem",NA,1,NA,NA,"Zutphen"
"319","Neede",NA,1,NA,NA,"Zutphen"
"320","Ruurlo",NA,1,NA,NA,"Zutphen"
"321","Steenderen",1,1,1,1,"Zutphen"
"322","Verwolde",NA,1,NA,NA,"Zutphen"
"323","Voorst",1,NA,NA,NA,"Zutphen"
"324","Vorden",1,1,1,1,"Zutphen"
"325","Warnsveld",1,1,1,1,"Zutphen"
"326","Winterswijk",NA,1,NA,NA,"Zutphen"
"327","Wisch",NA,1,NA,NA,"Zutphen"
"328","Zelhem",NA,1,NA,NA,"Zutphen"
"329","Zutphen",1,1,1,1,"Zutphen"
"330","Aalten",1,NA,NA,NA,"Ruurlo"
"331","Borculo",1,NA,NA,NA,"Ruurlo"
"332","Dinxperlo",1,NA,NA,NA,"Ruurlo"
"333","Eibergen",1,NA,NA,NA,"Ruurlo"
"334","Groenlo",1,NA,NA,NA,"Ruurlo"
"335","Laren",1,NA,NA,NA,"Ruurlo"
"336","Lichtenvoorde",1,NA,NA,NA,"Ruurlo"
"337","Lochem",1,NA,NA,NA,"Ruurlo"
"338","Neede",1,NA,NA,NA,"Ruurlo"
"339","Ruurlo",1,NA,NA,NA,"Ruurlo"
"340","Verwolde",1,NA,NA,NA,"Ruurlo"
"341","Winterswijk",1,NA,NA,NA,"Ruurlo"
"342","Zelhem",1,NA,NA,NA,"Ruurlo"
"343","Aalten",NA,NA,1,1,"Doetinchem"
"344","Angerlo",1,NA,NA,NA,"Doetinchem"
"345","Bergh",1,NA,NA,NA,"Doetinchem"
"346","Didam",1,NA,NA,NA,"Doetinchem"
"347","Dinxperlo",NA,NA,1,1,"Doetinchem"
"348","Doesburg",1,NA,NA,NA,"Doetinchem"
"349","Doetinchem (Ambt-)",1,NA,1,1,"Doetinchem"
"350","Doetinchem (Stad-)",1,NA,1,1,"Doetinchem"
"351","Duiven",1,NA,NA,NA,"Doetinchem"
"352","Gendringen",1,NA,1,1,"Doetinchem"
"353","Herwen",1,NA,NA,NA,"Doetinchem"
"354","Hummelo",1,NA,NA,NA,"Doetinchem"
"355","Lichtenvoorde",NA,NA,1,1,"Doetinchem"
"356","Pannerden",1,NA,NA,NA,"Doetinchem"
"357","Wehl",1,NA,NA,NA,"Doetinchem"
"358","Westervoort",1,NA,NA,NA,"Doetinchem"
"359","Winterswijk",NA,NA,1,1,"Doetinchem"
"360","Wisch",1,NA,1,1,"Doetinchem"
"361","Zelhem",NA,NA,1,1,"Doetinchem"
"362","Zevenaar",1,NA,NA,NA,"Doetinchem"
"363","Bemmel",1,NA,1,1,"Elst"
"364","Beuningen",NA,NA,1,1,"Elst"
"365","Dodewaard",1,NA,NA,NA,"Elst"
"366","Doorwerth",NA,NA,1,1,"Elst"
"367","Echteld",1,NA,NA,NA,"Elst"
"368","Elst",1,NA,1,1,"Elst"
"369","Ewijk",NA,NA,1,1,"Elst"
"370","Gent",1,NA,1,1,"Elst"
"371","Hemmen",1,NA,1,1,"Elst"
"372","Heteren",1,NA,1,1,"Elst"
"373","Huissen",1,NA,NA,NA,"Elst"
"374","Kesteren",1,NA,NA,NA,"Elst"
"375","Lienden",1,NA,NA,NA,"Elst"
"376","Loenen",1,NA,NA,NA,"Elst"
"377","Maurik",1,NA,NA,NA,"Elst"
"378","Pannerden",NA,NA,1,1,"Elst"
"379","Renkum",NA,NA,1,1,"Elst"
"380","Tiel",1,NA,NA,NA,"Elst"
"381","Valburg",1,NA,1,1,"Elst"
"382","Wageningen",1,NA,1,1,"Elst"
"383","Wamel",1,NA,NA,NA,"Elst"
"384","Yzendoorn",1,NA,NA,NA,"Elst"
"385","Angerlo",NA,1,NA,NA,"Nijmegen"
"386","Appeltern",1,1,NA,NA,"Nijmegen"
"387","Balgoij",1,1,NA,NA,"Nijmegen"
"388","Batenburg",1,1,NA,NA,"Nijmegen"
"389","Bemmel",NA,1,NA,NA,"Nijmegen"
"390","Bergh",NA,1,NA,NA,"Nijmegen"
"391","Bergharen",1,1,NA,NA,"Nijmegen"
"392","Beuningen",1,1,NA,NA,"Nijmegen"
"393","Didam",NA,1,NA,NA,"Nijmegen"
"394","Druten",1,1,NA,NA,"Nijmegen"
"395","Duiven",NA,1,NA,NA,"Nijmegen"
"396","Elst",NA,1,NA,NA,"Nijmegen"
"397","Ewijk",1,1,NA,NA,"Nijmegen"
"398","Gendringen",NA,1,NA,NA,"Nijmegen"
"399","Gent",NA,1,NA,NA,"Nijmegen"
"400","Groesbeek",1,1,1,1,"Nijmegen"
"401","Herwen en Aerdt",NA,1,NA,NA,"Nijmegen"
"402","Heumen",1,1,1,1,"Nijmegen"
"403","Horssen",1,1,NA,NA,"Nijmegen"
"404","Huissen",NA,1,NA,NA,"Nijmegen"
"405","Loenen",NA,1,NA,NA,"Nijmegen"
"406","Millingen",1,1,1,1,"Nijmegen"
"407","Nijmegen",1,1,1,1,"Nijmegen"
"408","Overasselt",1,1,NA,NA,"Nijmegen"
"409","Pannerden",NA,1,NA,NA,"Nijmegen"
"410","Ammerzoden",1,NA,NA,NA,"Zaltbommel"
"411","Beesd",1,NA,NA,NA,"Zaltbommel"
"412","Beusichem",1,NA,NA,NA,"Zaltbommel"
"413","Brakel",1,NA,NA,NA,"Zaltbommel"
"414","Buren",1,NA,NA,NA,"Zaltbommel"
"415","Buurmalsen",1,NA,NA,NA,"Zaltbommel"
"416","Culemborg",1,NA,NA,NA,"Zaltbommel"
"417","Deil",1,NA,NA,NA,"Zaltbommel"
"418","Dreumel",1,NA,NA,NA,"Zaltbommel"
"419","Driel",1,NA,NA,NA,"Zaltbommel"
"420","Est en Opijnen",1,NA,NA,NA,"Zaltbommel"
"421","Gameren",1,NA,NA,NA,"Zaltbommel"
"422","Geldermalsen",1,NA,NA,NA,"Zaltbommel"
"423","Haaften",1,NA,NA,NA,"Zaltbommel"
"424","Hedel",1,NA,NA,NA,"Zaltbommel"
"425","Heerewaarden",1,NA,NA,NA,"Zaltbommel"
"426","Herwijnen",1,NA,NA,NA,"Zaltbommel"
"427","Hurwenen",1,NA,NA,NA,"Zaltbommel"
"428","Kerkwijk",1,NA,NA,NA,"Zaltbommel"
"429","Nederhemert",1,NA,NA,NA,"Zaltbommel"
"430","Ophemert",1,NA,NA,NA,"Zaltbommel"
"431","Poederoijen",1,NA,NA,NA,"Zaltbommel"
"432","Rossum",1,NA,NA,NA,"Zaltbommel"
"433","Varik",1,NA,NA,NA,"Zaltbommel"
"434","Vuren",1,NA,NA,NA,"Zaltbommel"
"435","Abcoude-Baambrugge",NA,1,NA,NA,"Utrecht"
"436","Abcoude-Proostdij",NA,1,NA,NA,"Utrecht"
"437","Achthoven",NA,1,NA,NA,"Utrecht"
"438","Achttienhoven",NA,1,1,NA,"Utrecht"
"439","Bildt (De)",NA,1,1,NA,"Utrecht"
"440","Breukelen-Nijenrode",NA,1,NA,NA,"Utrecht"
"441","Breukelen-St. Pieters",NA,1,NA,NA,"Utrecht"
"442","Bunnik",NA,1,1,NA,"Utrecht"
"443","Driebergen",NA,1,NA,NA,"Utrecht"
"444","Gerverskop",NA,1,NA,NA,"Utrecht"
"445","Haarzuilens",NA,1,NA,NA,"Utrecht"
"446","Houten",NA,1,NA,NA,"Utrecht"
"447","Jutphaas",NA,1,NA,NA,"Utrecht"
"448","Laagnieuwkoop",NA,1,NA,NA,"Utrecht"
"449","Loenen",NA,1,NA,NA,"Utrecht"
"450","Loenersloot",NA,1,NA,NA,"Utrecht"
"451","Loosdrecht",NA,1,NA,NA,"Utrecht"
"452","Maarssen",NA,1,NA,NA,"Utrecht"
"453","Maarssenbroek",NA,1,NA,NA,"Utrecht"
"454","Maarsseveen",NA,1,NA,NA,"Utrecht"
"455","Maartensdijk",NA,1,1,NA,"Utrecht"
"456","Nigtevecht",NA,1,NA,NA,"Utrecht"
"457","Odijk",NA,1,NA,NA,"Utrecht"
"458","Oud-Wulven",NA,1,NA,NA,"Utrecht"
"459","Oudenrijn",NA,1,1,NA,"Utrecht"
"460","'s Graveland",NA,1,NA,NA,"Amersfoort"
"461","Achttienhoven",NA,NA,NA,1,"Amersfoort"
"462","Amerongen",1,1,NA,NA,"Amersfoort"
"463","Amersfoort",1,1,1,1,"Amersfoort"
"464","Ankeveen",NA,1,NA,NA,"Amersfoort"
"465","Baarn",1,1,1,1,"Amersfoort"
"466","Beusichem",NA,1,NA,NA,"Amersfoort"
"467","Bildt (De)",NA,NA,NA,1,"Amersfoort"
"468","Blaricum",NA,1,NA,NA,"Amersfoort"
"469","Bunnik",1,NA,NA,NA,"Amersfoort"
"470","Bunschoten",1,1,1,1,"Amersfoort"
"471","Buren",NA,1,NA,NA,"Amersfoort"
"472","Bussum",NA,1,NA,NA,"Amersfoort"
"473","Buurmalsen",NA,1,NA,NA,"Amersfoort"
"474","Cothen",1,1,NA,NA,"Amersfoort"
"475","Culemborg",NA,1,NA,NA,"Amersfoort"
"476","Darthuizen",1,1,NA,NA,"Amersfoort"
"477","De Vuursche",1,1,NA,NA,"Amersfoort"
"478","Dodewaard",NA,1,NA,NA,"Amersfoort"
"479","Doorn",1,1,1,1,"Amersfoort"
"480","Driebergen",1,NA,NA,NA,"Amersfoort"
"481","Duist",1,1,NA,NA,"Amersfoort"
"482","Echteld",NA,1,NA,NA,"Amersfoort"
"483","Eemnes",1,1,1,1,"Amersfoort"
"484","Hilversum",NA,1,NA,NA,"Amersfoort"
"485","'s Gravesloot",1,NA,NA,NA,"Ysselstein"
"486","Abcoude-Baambrugge",1,NA,NA,NA,"Ysselstein"
"487","Abcoude-Proostdij",1,NA,NA,NA,"Ysselstein"
"488","Achthoven",1,NA,NA,NA,"Ysselstein"
"489","Achttienhoven",1,NA,NA,NA,"Ysselstein"
"490","Benschop",1,NA,NA,NA,"Ysselstein"
"491","Bildt (De)",1,NA,NA,NA,"Ysselstein"
"492","Breukelen-Nijenrode",1,NA,NA,NA,"Ysselstein"
"493","Breukelen-St. Pieters",1,NA,NA,NA,"Ysselstein"
"494","Cabauw",1,NA,NA,NA,"Ysselstein"
"495","Gerverskop",1,NA,NA,NA,"Ysselstein"
"496","Haarzuilens",1,NA,NA,NA,"Ysselstein"
"497","Harmelen",1,NA,NA,NA,"Ysselstein"
"498","Hoenkoop",1,NA,NA,NA,"Ysselstein"
"499","Houten",1,NA,NA,NA,"Ysselstein"
"500","Jaarsveld",1,NA,NA,NA,"Ysselstein"
"501","Jutphaas",1,NA,NA,NA,"Ysselstein"
"502","Kamerik Houtdijke",1,NA,NA,NA,"Ysselstein"
"503","Kamerik Mijzijde",1,NA,NA,NA,"Ysselstein"
"504","Kockengen",1,NA,NA,NA,"Ysselstein"
"505","Laagnieuwkoop",1,NA,NA,NA,"Ysselstein"
"506","Linschoten",1,NA,NA,NA,"Ysselstein"
"507","Loenen",1,NA,NA,NA,"Ysselstein"
"508","Loenersloot",1,NA,NA,NA,"Ysselstein"
"509","Loosdrecht",1,NA,NA,NA,"Ysselstein"
"510","Akersloot",NA,1,NA,NA,"Alkmaar"
"511","Alkmaar",1,1,1,1,"Alkmaar"
"512","Assendelft",NA,1,NA,NA,"Alkmaar"
"513","Barsingerhorn",1,NA,1,1,"Alkmaar"
"514","Bergen",NA,1,1,1,"Alkmaar"
"515","Beverwijk",NA,1,NA,NA,"Alkmaar"
"516","Broek op Langedijk",1,NA,1,1,"Alkmaar"
"517","Callantsoog",1,1,NA,NA,"Alkmaar"
"518","Castricum",NA,1,NA,NA,"Alkmaar"
"519","Egmond aan Zee",NA,1,NA,NA,"Alkmaar"
"520","Egmond-Binnen",NA,1,NA,NA,"Alkmaar"
"521","Harenkarspel",1,1,1,1,"Alkmaar"
"522","Heemskerk",NA,1,NA,NA,"Alkmaar"
"523","Heerhugowaard",NA,NA,1,1,"Alkmaar"
"524","Heilo",NA,1,1,1,"Alkmaar"
"525","Helder (Den)",1,1,NA,NA,"Alkmaar"
"526","Koedijk",1,1,1,1,"Alkmaar"
"527","Koog aan de Zaan",NA,1,NA,NA,"Alkmaar"
"528","Krommenie",NA,1,NA,NA,"Alkmaar"
"529","Limmen",NA,1,NA,NA,"Alkmaar"
"530","Nieuwe-Niedorp",NA,NA,1,1,"Alkmaar"
"531","Noord-Scharwoude",1,NA,1,1,"Alkmaar"
"532","Oterleek",NA,NA,1,1,"Alkmaar"
"533","Oude-Niedorp",NA,NA,1,1,"Alkmaar"
"534","Oudkarspel",1,NA,1,1,"Alkmaar"
"535","Abbekerk",1,1,NA,NA,"Hoorn"
"536","Andijk",1,1,NA,NA,"Hoorn"
"537","Avenhorn",1,1,1,1,"Hoorn"
"538","Barsingerhorn",NA,1,NA,NA,"Hoorn"
"539","Beemster",NA,1,1,1,"Hoorn"
"540","Beets",1,1,1,1,"Hoorn"
"541","Berkhout",1,1,1,1,"Hoorn"
"542","Blokker",1,1,NA,NA,"Hoorn"
"543","Bovenkarspel",1,1,NA,NA,"Hoorn"
"544","Broek in Waterland",NA,1,NA,NA,"Hoorn"
"545","Broek op Langedijk",NA,1,NA,NA,"Hoorn"
"546","Buiksloot",NA,1,NA,NA,"Hoorn"
"547","De Rijp",NA,1,NA,NA,"Hoorn"
"548","Edam",NA,1,1,1,"Hoorn"
"549","Enkhuizen",1,1,NA,NA,"Hoorn"
"550","Graft",NA,1,NA,NA,"Hoorn"
"551","Grootebroek",1,1,NA,NA,"Hoorn"
"552","Grosthuizen",1,1,NA,NA,"Hoorn"
"553","Heerhugowaard",NA,1,NA,NA,"Hoorn"
"554","Hensbroek",1,1,NA,NA,"Hoorn"
"555","Hoogkarspel",1,1,NA,NA,"Hoorn"
"556","Hoogwoud",1,1,NA,NA,"Hoorn"
"557","Hoorn",1,1,1,1,"Hoorn"
"558","Ilpendam",NA,1,NA,NA,"Hoorn"
"559","Jisp",NA,1,NA,NA,"Hoorn"
"560","'s Graveland",1,NA,NA,NA,"Edam"
"561","Ankeveen",1,NA,NA,NA,"Edam"
"562","Blaricum",1,NA,NA,NA,"Edam"
"563","Broek in Waterland",1,NA,NA,NA,"Edam"
"564","Buiksloot",1,NA,NA,NA,"Edam"
"565","Bussum",1,NA,NA,NA,"Edam"
"566","Edam",1,NA,NA,NA,"Edam"
"567","Hilversum",1,NA,NA,NA,"Edam"
"568","Huizen",1,NA,NA,NA,"Edam"
"569","Ilpendam",1,NA,NA,NA,"Edam"
"570","Katwoude",1,NA,NA,NA,"Edam"
"571","Kortenhoef",1,NA,NA,NA,"Edam"
"572","Kwadijk",1,NA,NA,NA,"Edam"
"573","Landsmeer",1,NA,NA,NA,"Edam"
"574","Laren",1,NA,NA,NA,"Edam"
"575","Marken",1,NA,NA,NA,"Edam"
"576","Middelie",1,NA,NA,NA,"Edam"
"577","Monnikendam",1,NA,NA,NA,"Edam"
"578","Muiden",1,NA,NA,NA,"Edam"
"579","Naarden",1,NA,NA,NA,"Edam"
"580","Nederhorst den Berg",1,NA,NA,NA,"Edam"
"581","Nieuwendam",1,NA,NA,NA,"Edam"
"582","Oosthuizen",1,NA,NA,NA,"Edam"
"583","Purmerend",1,NA,NA,NA,"Edam"
"584","Ransdorp",1,NA,NA,NA,"Edam"
"585","Schellingwoude",1,NA,NA,NA,"Edam"
"586","Warder",1,NA,NA,NA,"Edam"
"587","Weesp",1,NA,NA,NA,"Edam"
"588","Weesperkarspel",1,NA,NA,NA,"Edam"
"589","Akersloot",1,NA,NA,NA,"Zaandam"
"590","Assendelft",1,NA,NA,NA,"Zaandam"
"591","Beemster",1,NA,NA,NA,"Zaandam"
"592","Broek in Waterland",NA,NA,1,1,"Zaandam"
"593","Buiksloot",NA,NA,1,1,"Zaandam"
"594","De Rijp",1,NA,1,1,"Zaandam"
"595","Graft",1,NA,1,1,"Zaandam"
"596","Heemskerk",1,NA,NA,NA,"Zaandam"
"597","Heerhugowaard",1,NA,NA,NA,"Zaandam"
"598","Ilpendam",NA,NA,1,1,"Zaandam"
"599","Jisp",1,NA,1,1,"Zaandam"
"600","Koog aan de Zaan",1,NA,1,1,"Zaandam"
"601","Krommenie",1,NA,NA,NA,"Zaandam"
"602","Landsmeer",NA,NA,1,1,"Zaandam"
"603","Nieuwendam",NA,NA,1,1,"Zaandam"
"604","Oostzaan",1,NA,1,1,"Zaandam"
"605","Oterleek",1,NA,NA,NA,"Zaandam"
"606","Oudorp",1,NA,NA,NA,"Zaandam"
"607","Ransdorp",NA,NA,1,1,"Zaandam"
"608","Schermerhorn",1,NA,NA,NA,"Zaandam"
"609","Uitgeest",1,NA,NA,NA,"Zaandam"
"610","Ursem",1,NA,NA,NA,"Zaandam"
"611","Westzaan",1,NA,NA,NA,"Zaandam"
"612","Wijdewormer",1,NA,1,1,"Zaandam"
"613","Wormer",1,NA,1,1,"Zaandam"
"614","Wormerveer",1,NA,1,1,"Zaandam"
"615","Zaandam",1,NA,1,1,"Zaandam"
"616","Zaandijk",1,NA,1,1,"Zaandam"
"617","Zuid- en Noord-Schermer",1,NA,1,1,"Zaandam"
"618","Bennebroek",1,1,NA,NA,"Haarlem"
"619","Bergen",1,NA,NA,NA,"Haarlem"
"620","Berkenrode",1,1,NA,NA,"Haarlem"
"621","Beverwijk",1,NA,NA,NA,"Haarlem"
"622","Bloemendaal",1,1,NA,NA,"Haarlem"
"623","Castricum",1,NA,NA,NA,"Haarlem"
"624","Egmond aan Zee",1,NA,NA,NA,"Haarlem"
"625","Egmond-Binnen",1,NA,NA,NA,"Haarlem"
"626","Haarlem",1,1,1,1,"Haarlem"
"627","Haarlemmerliede",1,1,NA,NA,"Haarlem"
"628","Haarlemmermeer",NA,1,NA,NA,"Haarlem"
"629","Heemstede",1,1,NA,NA,"Haarlem"
"630","Heilo",1,NA,NA,NA,"Haarlem"
"631","Hillegom",NA,1,NA,NA,"Haarlem"
"632","Houtrijk en Polanen",NA,1,NA,NA,"Haarlem"
"633","Limmen",1,NA,NA,NA,"Haarlem"
"634","Lisse",NA,1,NA,NA,"Haarlem"
"635","Noordwijk",NA,1,NA,NA,"Haarlem"
"636","Noordwijkerhout",NA,1,NA,NA,"Haarlem"
"637","Schoorl",1,NA,NA,NA,"Haarlem"
"638","Schoten",1,1,NA,NA,"Haarlem"
"639","Sloten",NA,1,NA,NA,"Haarlem"
"640","Spaarndam",1,1,NA,NA,"Haarlem"
"641","Spaarnwoude",1,1,NA,NA,"Haarlem"
"642","Velzen",1,NA,NA,NA,"Haarlem"
"643","Wijk 1-14",1,NA,NA,NA,"Amsterdam I"
"644","Wijk 16-29,31,60",1,NA,NA,NA,"Amsterdam II"
"645","Wijk 30,32-46",1,NA,NA,NA,"Amsterdam III"
"646","Wijk 47-57,59",1,NA,NA,NA,"Amsterdam IV"
"647","Aalsmeer",1,NA,NA,NA,"Amsterdam V"
"648","Buitenwijken 1-5",1,NA,NA,NA,"Amsterdam V"
"649","Diemen",1,NA,NA,NA,"Amsterdam V"
"650","Houtrijk en Polanen",1,NA,NA,NA,"Amsterdam V"
"651","Kalslagen",1,NA,NA,NA,"Amsterdam V"
"652","Leimuiden",1,NA,NA,NA,"Amsterdam V"
"653","Nieuwer-Amstel",1,NA,NA,NA,"Amsterdam V"
"654","Ouder-Amstel",1,NA,NA,NA,"Amsterdam V"
"655","Rietwijkeroord",1,NA,NA,NA,"Amsterdam V"
"656","Sloten",1,NA,NA,NA,"Amsterdam V"
"657","Uithoorn",1,NA,NA,NA,"Amsterdam V"
"658","Watergraafsmeer",1,NA,NA,NA,"Amsterdam V"
"659","Wijk 15,58",1,NA,NA,NA,"Amsterdam V"
"660","Aalsmeer",NA,1,NA,NA,"Leiden"
"661","Aar (Ter)",NA,1,NA,NA,"Leiden"
"662","Aarlanderveen",NA,1,NA,NA,"Leiden"
"663","Alkemade",NA,1,NA,NA,"Leiden"
"664","Alphen",NA,1,NA,NA,"Leiden"
"665","Benthuizen",NA,1,NA,NA,"Leiden"
"666","Bodegraven",NA,1,NA,NA,"Leiden"
"667","Boekhorst",NA,1,NA,NA,"Leiden"
"668","De Vennep",NA,1,NA,NA,"Leiden"
"669","Hazerswoude",NA,1,NA,NA,"Leiden"
"670","Hoogeveen",NA,1,NA,NA,"Leiden"
"671","Hoogmade",NA,1,NA,NA,"Leiden"
"672","Kalslagen",NA,1,NA,NA,"Leiden"
"673","Katwijk",NA,1,NA,NA,"Leiden"
"674","Koudekerk",NA,1,NA,NA,"Leiden"
"675","Leiden",1,1,1,1,"Leiden"
"676","Leiderdorp",NA,1,NA,NA,"Leiden"
"677","Leimuiden",NA,1,NA,NA,"Leiden"
"678","Nieuwer-Amstel",NA,1,NA,NA,"Leiden"
"679","Nieuwveen",NA,1,NA,NA,"Leiden"
"680","Oegstgeest",NA,1,NA,NA,"Leiden"
"681","Ouder-Amstel",NA,1,NA,NA,"Leiden"
"682","Oudshoorn",NA,1,NA,NA,"Leiden"
"683","Rietwijkeroord",NA,1,NA,NA,"Leiden"
"684","Rijnsaterwoude",NA,1,NA,NA,"Leiden"
"685","Aarlanderveen",1,NA,NA,NA,"Leiderdorp"
"686","Alkemade",1,NA,NA,NA,"Leiderdorp"
"687","Alphen",1,NA,NA,NA,"Leiderdorp"
"688","Benthuizen",1,NA,NA,NA,"Leiderdorp"
"689","Boekhorst",1,NA,NA,NA,"Leiderdorp"
"690","Boskoop",1,NA,NA,NA,"Leiderdorp"
"691","De Vennep",1,NA,NA,NA,"Leiderdorp"
"692","Hazerswoude",1,NA,NA,NA,"Leiderdorp"
"693","Hillegom",1,NA,NA,NA,"Leiderdorp"
"694","Hoogeveen",1,NA,NA,NA,"Leiderdorp"
"695","Hoogmade",1,NA,NA,NA,"Leiderdorp"
"696","Katwijk",1,NA,NA,NA,"Leiderdorp"
"697","Koudekerk",1,NA,NA,NA,"Leiderdorp"
"698","Leiderdorp",1,NA,NA,NA,"Leiderdorp"
"699","Lisse",1,NA,NA,NA,"Leiderdorp"
"700","Noordwijk",1,NA,NA,NA,"Leiderdorp"
"701","Noordwijkerhout",1,NA,NA,NA,"Leiderdorp"
"702","Oegstgeest",1,NA,NA,NA,"Leiderdorp"
"703","Oudshoorn",1,NA,NA,NA,"Leiderdorp"
"704","Rijnsaterwoude",1,NA,NA,NA,"Leiderdorp"
"705","Rijnsburg",1,NA,NA,NA,"Leiderdorp"
"706","Sassenheim",1,NA,NA,NA,"Leiderdorp"
"707","Valkenburg",1,NA,NA,NA,"Leiderdorp"
"708","Voorhout",1,NA,NA,NA,"Leiderdorp"
"709","Warmond",1,NA,NA,NA,"Leiderdorp"
"710","Woubrugge",1,NA,NA,NA,"Leiderdorp"
"711","Zwammerdam",1,NA,NA,NA,"Leiderdorp"
"712","'s Gravesloot",NA,1,NA,NA,"Gouda"
"713","Aar (Ter)",1,NA,NA,NA,"Gouda"
"714","Achttienhoven",1,1,NA,NA,"Gouda"
"715","Ammerstol",NA,1,NA,NA,"Gouda"
"716","Barwoutswaarder",1,1,NA,NA,"Gouda"
"717","Benschop",NA,1,NA,NA,"Gouda"
"718","Bergambacht",NA,1,NA,NA,"Gouda"
"719","Bergschenhoek",NA,1,NA,NA,"Gouda"
"720","Berkel",NA,1,NA,NA,"Gouda"
"721","Berkenwoude",NA,1,NA,NA,"Gouda"
"722","Bleiswijk",NA,1,NA,NA,"Gouda"
"723","Bodegraven",1,NA,NA,NA,"Gouda"
"724","Boskoop",NA,1,1,1,"Gouda"
"725","Broek",1,1,NA,NA,"Gouda"
"726","Cabauw",NA,1,NA,NA,"Gouda"
"727","Capelle aan den Yssel",NA,1,NA,1,"Gouda"
"728","Gouda",1,1,1,1,"Gouda"
"729","Gouderak",1,1,1,1,"Gouda"
"730","Groot-Ammers",NA,1,NA,NA,"Gouda"
"731","Haastrecht",1,1,NA,NA,"Gouda"
"732","Harmelen",NA,1,NA,NA,"Gouda"
"733","Hekendorp",1,1,NA,NA,"Gouda"
"734","Hillegersberg",NA,1,NA,NA,"Gouda"
"735","Hoenkoop",NA,1,NA,NA,"Gouda"
"736","Jaarsveld",NA,1,NA,NA,"Gouda"
"737","Almkerk",NA,1,NA,NA,"Gorinchem"
"738","Ameide",1,1,NA,NA,"Gorinchem"
"739","Ammerstol",1,NA,NA,NA,"Gorinchem"
"740","Andel (Op- en Neer-)",NA,1,1,1,"Gorinchem"
"741","Arkel",1,1,1,1,"Gorinchem"
"742","Asperen",1,1,1,1,"Gorinchem"
"743","Bergambacht",1,NA,NA,NA,"Gorinchem"
"744","Bleskensgraaf",1,NA,NA,NA,"Gorinchem"
"745","Brandwijk",1,NA,NA,NA,"Gorinchem"
"746","De Werken",NA,1,1,1,"Gorinchem"
"747","Drongelen",NA,1,NA,NA,"Gorinchem"
"748","Dussen",NA,1,NA,NA,"Gorinchem"
"749","Emmikhoven en Waardhuizen",NA,1,NA,NA,"Gorinchem"
"750","Everdingen",1,1,NA,NA,"Gorinchem"
"751","Giessen",NA,1,1,1,"Gorinchem"
"752","Giessen-Nieuwkerk",1,1,1,1,"Gorinchem"
"753","Giessendam",NA,NA,1,1,"Gorinchem"
"754","Gorinchem",1,1,1,1,"Gorinchem"
"755","Goudriaan",1,1,NA,NA,"Gorinchem"
"756","Groot-Ammers",1,NA,NA,NA,"Gorinchem"
"757","Hagestein",1,1,NA,NA,"Gorinchem"
"758","Hardinxveld",1,NA,1,1,"Gorinchem"
"759","Heesbeen",NA,1,NA,NA,"Gorinchem"
"760","Hei- en Boeicop",1,1,NA,NA,"Gorinchem"
"761","Herwijnen",NA,NA,1,1,"Gorinchem"
"762","'s-Gravendeel",NA,1,NA,NA,"Dordrecht"
"763","Alblas (Oud-)",1,1,NA,NA,"Dordrecht"
"764","Alblasserdam",1,1,NA,NA,"Dordrecht"
"765","Barendrecht",NA,1,NA,NA,"Dordrecht"
"766","Beijerland (Nieuw-)",NA,1,NA,NA,"Dordrecht"
"767","Beijerland (Oud-)",NA,1,NA,NA,"Dordrecht"
"768","Beijerland (Zuid-)",NA,1,NA,NA,"Dordrecht"
"769","Berkenwoude",1,NA,NA,NA,"Dordrecht"
"770","Bleskensgraaf",NA,1,NA,NA,"Dordrecht"
"771","Brandwijk",NA,1,NA,NA,"Dordrecht"
"772","Charlois",NA,1,NA,NA,"Dordrecht"
"773","Dordrecht",1,1,1,1,"Dordrecht"
"774","Dubbeldam",1,1,1,1,"Dordrecht"
"775","Giessendam",1,1,NA,NA,"Dordrecht"
"776","Goidschalksoord",NA,1,NA,NA,"Dordrecht"
"777","Goudswaard",NA,1,NA,NA,"Dordrecht"
"778","Hardinxveld",NA,1,NA,NA,"Dordrecht"
"779","Heer-Oudelands-Ambacht",NA,1,NA,NA,"Dordrecht"
"780","Heerjansdam",NA,1,1,1,"Dordrecht"
"781","Heinenoord",NA,1,NA,NA,"Dordrecht"
"782","Hendrik-Ido-Ambacht",NA,1,NA,NA,"Dordrecht"
"783","Hofwegen",1,1,NA,NA,"Dordrecht"
"784","Hoogvliet",NA,1,NA,NA,"Dordrecht"
"785","Katendrecht",NA,1,NA,NA,"Dordrecht"
"786","Kijfhoek",NA,1,NA,NA,"Dordrecht"
"787","Abbenbroek",NA,1,NA,NA,"Delft"
"788","Abtsregt",1,1,NA,NA,"Delft"
"789","Ackersdijk",1,1,NA,NA,"Delft"
"790","Bergschenhoek",NA,NA,1,1,"Delft"
"791","Berkel",NA,NA,1,1,"Delft"
"792","Biert",NA,1,NA,NA,"Delft"
"793","Bleiswijk",NA,NA,1,1,"Delft"
"794","Brielle",NA,1,NA,NA,"Delft"
"795","Delfshaven",NA,1,NA,NA,"Delft"
"796","Delft",1,1,1,1,"Delft"
"797","Geervliet",NA,1,NA,NA,"Delft"
"798","Groeneveld",1,1,NA,NA,"Delft"
"799","Heenvliet",NA,1,NA,NA,"Delft"
"800","Hekelingen",NA,1,NA,NA,"Delft"
"801","Hellevoet (Nieuw-)",NA,1,NA,NA,"Delft"
"802","Hellevoetsluis",NA,1,NA,NA,"Delft"
"803","Hillegersberg",NA,NA,1,1,"Delft"
"804","Hodenpijl",1,1,NA,NA,"Delft"
"805","Hof van Delft",1,1,1,1,"Delft"
"806","Kethel",NA,1,NA,NA,"Delft"
"807","Lier (De)",1,1,NA,NA,"Delft"
"808","Maasland",1,1,NA,NA,"Delft"
"809","Maassluis",1,1,NA,NA,"Delft"
"810","Mathenesse",NA,1,NA,NA,"Delft"
"811","Moercapelle",1,NA,NA,NA,"Delft"
"812","Wijk 2-8,15",1,NA,NA,NA,"Rotterdam I"
"813","Wijk 1,9-14",1,NA,NA,NA,"Rotterdam II"
"814","Bergschenhoek",1,NA,NA,NA,"Schiedam"
"815","Berkel",1,NA,NA,NA,"Schiedam"
"816","Bleiswijk",1,NA,NA,NA,"Schiedam"
"817","Capelle aan den Yssel",1,NA,NA,NA,"Schiedam"
"818","Delfshaven",1,NA,NA,NA,"Schiedam"
"819","Hillegersberg",1,NA,NA,NA,"Schiedam"
"820","Kethel",1,NA,1,1,"Schiedam"
"821","Kralingen",1,NA,NA,NA,"Schiedam"
"822","Mathenesse",1,NA,NA,NA,"Schiedam"
"823","Nieuwerkerk aan den Yssel",1,NA,NA,NA,"Schiedam"
"824","Nieuwland",1,NA,NA,NA,"Schiedam"
"825","Overschie",1,NA,1,1,"Schiedam"
"826","Schiebroek",1,NA,1,1,"Schiedam"
"827","Schiedam",1,NA,1,1,"Schiedam"
"828","Tempel",1,NA,NA,NA,"Schiedam"
"829","Vlaardingen",1,NA,1,1,"Schiedam"
"830","Vlaardingerambacht",1,NA,1,1,"Schiedam"
"831","Zevenhuizen",1,NA,NA,NA,"Schiedam"
"832","Zouteveen",1,NA,NA,NA,"Schiedam"
"833","'s-Gravendeel",1,NA,1,1,"Ridderkerk"
"834","Barendrecht",1,NA,1,1,"Ridderkerk"
"835","Beijerland (Nieuw-)",1,NA,NA,NA,"Ridderkerk"
"836","Beijerland (Oud-)",1,NA,1,1,"Ridderkerk"
"837","Charlois",1,NA,NA,NA,"Ridderkerk"
"838","Goidschalksoord",1,NA,NA,NA,"Ridderkerk"
"839","Heer-Oudelands-Ambacht",1,NA,NA,NA,"Ridderkerk"
"840","Heerjansdam",1,NA,NA,NA,"Ridderkerk"
"841","Heinenoord",1,NA,1,1,"Ridderkerk"
"842","Hendrik-Ido-Ambacht",1,NA,1,1,"Ridderkerk"
"843","Hoogvliet",1,NA,NA,NA,"Ridderkerk"
"844","Katendrecht",1,NA,NA,NA,"Ridderkerk"
"845","Kijfhoek",1,NA,NA,NA,"Ridderkerk"
"846","Klaaswaal",1,NA,1,1,"Ridderkerk"
"847","Lindt (Groote- en Kleine-)",1,NA,NA,NA,"Ridderkerk"
"848","Maasdam",1,NA,1,1,"Ridderkerk"
"849","Meerdervoort",1,NA,NA,NA,"Ridderkerk"
"850","Mijnsheerenland",1,NA,1,1,"Ridderkerk"
"851","Numansdorp",1,NA,1,1,"Ridderkerk"
"852","Pernis",1,NA,NA,NA,"Ridderkerk"
"853","Poortugaal",1,NA,NA,NA,"Ridderkerk"
"854","Puttershoek",1,NA,1,1,"Ridderkerk"
"855","Rhoon",1,NA,1,1,"Ridderkerk"
"856","Ridderkerk",1,NA,1,1,"Ridderkerk"
"857","Rijsoort",1,NA,NA,NA,"Ridderkerk"
"858","Abbenbroek",1,NA,1,1,"Brielle"
"859","Beijerland (Nieuw-)",NA,NA,1,1,"Brielle"
"860","Beijerland (Zuid-)",1,NA,1,1,"Brielle"
"861","Biert",1,NA,NA,NA,"Brielle"
"862","Bommel (Den)",1,NA,1,1,"Brielle"
"863","Brielle",1,NA,1,1,"Brielle"
"864","Dirksland",1,NA,NA,NA,"Brielle"
"865","Geervliet",1,NA,1,1,"Brielle"
"866","Goedereede",1,NA,NA,NA,"Brielle"
"867","Goudswaard",1,NA,1,1,"Brielle"
"868","Heenvliet",1,NA,1,1,"Brielle"
"869","Hekelingen",1,NA,1,1,"Brielle"
"870","Hellevoet (Nieuw-)",1,NA,1,1,"Brielle"
"871","Hellevoetsluis",1,NA,1,1,"Brielle"
"872","Herkingen",1,NA,NA,NA,"Brielle"
"873","Hoogvliet",NA,NA,1,1,"Brielle"
"874","Melissant",1,NA,NA,NA,"Brielle"
"875","Middelharnis",1,NA,NA,NA,"Brielle"
"876","Naters",1,NA,NA,NA,"Brielle"
"877","Nieuwenhoorn",1,NA,1,1,"Brielle"
"878","Onwaard",1,NA,NA,NA,"Brielle"
"879","Ooltgensplaat",1,NA,1,1,"Brielle"
"880","Oostvoorne",1,NA,1,1,"Brielle"
"881","Ouddorp",1,NA,NA,NA,"Brielle"
"882","Oudenhoorn",1,NA,1,1,"Brielle"
"883","Aagtekerke",1,1,1,1,"Middelburg"
"884","Aardenburg",NA,1,NA,NA,"Middelburg"
"885","Arnemuiden",1,1,NA,1,"Middelburg"
"886","Axel",NA,1,NA,NA,"Middelburg"
"887","Biervliet",NA,1,NA,NA,"Middelburg"
"888","Biggekerke",1,1,1,1,"Middelburg"
"889","Boschkapelle",NA,1,NA,NA,"Middelburg"
"890","Breskens",NA,1,NA,NA,"Middelburg"
"891","Cadzand",NA,1,NA,NA,"Middelburg"
"892","Clinge",NA,1,NA,NA,"Middelburg"
"893","Domburg",1,1,1,1,"Middelburg"
"894","Eede",NA,1,NA,NA,"Middelburg"
"895","Gapinge",1,1,NA,NA,"Middelburg"
"896","Graauw",NA,1,NA,NA,"Middelburg"
"897","Grijpskerke",1,1,1,1,"Middelburg"
"898","Groede",NA,1,NA,NA,"Middelburg"
"899","Heille",NA,1,NA,NA,"Middelburg"
"900","Hengstdijk",NA,1,NA,NA,"Middelburg"
"901","Hoek",NA,1,NA,NA,"Middelburg"
"902","Hoofdplaat",NA,1,NA,NA,"Middelburg"
"903","Hulst",NA,1,NA,NA,"Middelburg"
"904","Jansteen (St.)",NA,1,NA,NA,"Middelburg"
"905","Kleverskerke",1,1,NA,NA,"Middelburg"
"906","Koewacht",NA,1,NA,NA,"Middelburg"
"907","Koudekerke",1,1,1,1,"Middelburg"
"908","Annaland (St.)",1,1,NA,NA,"Zierikzee"
"909","Bommel 



Bommel (Den)",NA,1,NA,NA,"Zierikzee"
"910","Bommenede",1,1,NA,NA,"Zierikzee"
"911","Brouwershaven",1,1,1,1,"Zierikzee"
"912","Bruinisse",1,1,1,1,"Zierikzee"
"913","Burgh",1,1,1,1,"Zierikzee"
"914","Colijnsplaat",1,NA,NA,NA,"Zierikzee"
"915","Dirksland",NA,1,1,1,"Zierikzee"
"916","Dreischor",1,1,1,1,"Zierikzee"
"917","Duivendijke",1,1,1,1,"Zierikzee"
"918","Elkerzee",1,1,1,1,"Zierikzee"
"919","Ellemeet",1,1,1,1,"Zierikzee"
"920","Goedereede",NA,1,1,1,"Zierikzee"
"921","Haamstede",1,1,1,1,"Zierikzee"
"922","Herkingen",NA,1,1,1,"Zierikzee"
"923","Kats",1,NA,NA,NA,"Zierikzee"
"924","Kerkwerve",1,1,1,1,"Zierikzee"
"925","Kortgene",1,NA,NA,NA,"Zierikzee"
"926","Maartensdijk (St.)",1,NA,NA,NA,"Zierikzee"
"927","Melissant",NA,1,1,1,"Zierikzee"
"928","Middelharnis",NA,1,1,1,"Zierikzee"
"929","Nieuwerkerk",1,1,1,1,"Zierikzee"
"930","Noordgouwe",1,1,1,1,"Zierikzee"
"931","Noordwelle",1,1,1,1,"Zierikzee"
"932","Onwaard",NA,1,NA,NA,"Zierikzee"
"933","'s Gravenpolder",1,1,1,1,"Goes"
"934","'s Heer Abtskerke",1,1,1,1,"Goes"
"935","'s Heer Arendskerke",1,1,1,1,"Goes"
"936","'s Heer Hendrikskinderen",1,1,NA,NA,"Goes"
"937","'s Heerenhoek",1,1,NA,NA,"Goes"
"938","Annaland (St.)",NA,NA,1,1,"Goes"
"939","Arnemuiden",NA,NA,1,NA,"Goes"
"940","Baarland",1,1,NA,NA,"Goes"
"941","Borssele",1,1,NA,NA,"Goes"
"942","Boschkappelle",1,NA,NA,NA,"Goes"
"943","Clinge",1,NA,NA,NA,"Goes"
"944","Colijnsplaat",NA,1,1,1,"Goes"
"945","Driewegen",1,1,NA,NA,"Goes"
"946","Ellewoutsdijk",1,1,NA,NA,"Goes"
"947","Fort Bath",1,1,NA,NA,"Goes"
"948","Goes",1,1,1,1,"Goes"
"949","Graauw",1,NA,NA,NA,"Goes"
"950","Heinkenszand",1,1,1,1,"Goes"
"951","Hengstdijk",1,NA,NA,NA,"Goes"
"952","Hoedekenskerke",1,1,NA,NA,"Goes"
"953","Hontenisse",1,1,NA,NA,"Goes"
"954","Hulst",1,NA,NA,NA,"Goes"
"955","Kapelle",1,1,NA,NA,"Goes"
"956","Kats",NA,1,1,1,"Goes"
"957","Kattendijke",1,1,1,1,"Goes"
"958","Aardenburg",1,NA,NA,NA,"Sluis"
"959","Axel",1,NA,NA,NA,"Sluis"
"960","Biervliet",1,NA,NA,NA,"Sluis"
"961","Breskens",1,NA,NA,NA,"Sluis"
"962","Cadzand",1,NA,NA,NA,"Sluis"
"963","Eede",1,NA,NA,NA,"Sluis"
"964","Groede",1,NA,NA,NA,"Sluis"
"965","Heille",1,NA,NA,NA,"Sluis"
"966","Hoek",1,NA,NA,NA,"Sluis"
"967","Hoofdplaat",1,NA,NA,NA,"Sluis"
"968","Koewacht",1,NA,NA,NA,"Sluis"
"969","Kruis (St.)",1,NA,NA,NA,"Sluis"
"970","Neuzen",1,NA,NA,NA,"Sluis"
"971","Nieuwvliet",1,NA,NA,NA,"Sluis"
"972","Oostburg",1,NA,NA,NA,"Sluis"
"973","Overslag",1,NA,NA,NA,"Sluis"
"974","Philippine",1,NA,NA,NA,"Sluis"
"975","Retranchement",1,NA,NA,NA,"Sluis"
"976","Sas van Gent",1,NA,NA,NA,"Sluis"
"977","Schoondijke",1,NA,NA,NA,"Sluis"
"978","Sluis",1,NA,NA,NA,"Sluis"
"979","St. Anna ter Muiden",1,NA,NA,NA,"Sluis"
"980","Waterlandkerkje",1,NA,NA,NA,"Sluis"
"981","Westdorpe",1,NA,NA,NA,"Sluis"
"982","Yzendijke",1,NA,NA,NA,"Sluis"
"983","Zaamslag",1,NA,NA,NA,"Sluis"
"984","Zuiddorpe",1,NA,NA,NA,"Sluis"
"985","Zuidzande",1,NA,NA,NA,"Sluis"
"986","Bergen op Zoom",1,NA,1,1,"Bergen op Zoom"
"987","Dinteloord",1,NA,NA,NA,"Bergen op Zoom"
"988","Halsteren",1,NA,1,1,"Bergen op Zoom"
"989","Hoeven",1,NA,NA,NA,"Bergen op Zoom"
"990","Huijbergen",1,NA,1,1,"Bergen op Zoom"
"991","Nieuw-Vossemeer",1,NA,1,1,"Bergen op Zoom"
"992","Ossendrecht",1,NA,1,1,"Bergen op Zoom"
"993","Oud- en Nieuw-Gastel",1,NA,NA,NA,"Bergen op Zoom"
"994","Putte",1,NA,1,1,"Bergen op Zoom"
"995","Roosendaal",1,NA,1,1,"Bergen op Zoom"
"996","Rucphen",1,NA,NA,NA,"Bergen op Zoom"
"997","Steenbergen",1,NA,1,1,"Bergen op Zoom"
"998","Woensdrecht",1,NA,1,1,"Bergen op Zoom"
"999","Wouw",1,NA,1,1,"Bergen op Zoom"
"1000","Alphen",1,NA,NA,NA,"Breda"
"1001","Baarle-Nassau",1,NA,NA,NA,"Breda"
"1002","Bergen op Zoom",NA,1,NA,NA,"Breda"
"1003","Breda",1,1,1,1,"Breda"
"1004","Chaam",1,NA,NA,NA,"Breda"
"1005","Dinteloord",NA,1,NA,NA,"Breda"
"1006","Etten en Leur",1,1,1,1,"Breda"
"1007","Fijnaart",NA,1,NA,NA,"Breda"
"1008","Ginneken",1,1,NA,NA,"Breda"
"1009","Halsteren",NA,1,NA,NA,"Breda"
"1010","Hoeven",NA,1,1,1,"Breda"
"1011","Huijbergen",NA,1,NA,NA,"Breda"
"1012","Klundert",NA,1,NA,NA,"Breda"
"1013","Nieuw-Vossemeer",NA,1,NA,NA,"Breda"
"1014","Ossendrecht",NA,1,NA,NA,"Breda"
"1015","Oud- en Nieuw-Gastel",NA,1,NA,NA,"Breda"
"1016","Oudenbosch",NA,1,NA,NA,"Breda"
"1017","Prinsenhage",1,1,1,1,"Breda"
"1018","Putte",NA,1,NA,NA,"Breda"
"1019","Rijsbergen",1,1,NA,NA,"Breda"
"1020","Roosendaal",NA,1,NA,NA,"Breda"
"1021","Rucphen",NA,1,1,1,"Breda"
"1022","Standdaardbuiten",NA,1,NA,NA,"Breda"
"1023","Steenbergen",NA,1,NA,NA,"Breda"
"1024","Terheijden",NA,NA,1,1,"Breda"
"1025","'s-Gravenmoer",1,NA,NA,NA,"Zevenbergen"
"1026","Dinteloord",NA,NA,1,1,"Zevenbergen"
"1027","Dongen",1,NA,NA,NA,"Zevenbergen"
"1028","Fijnaart",1,NA,1,1,"Zevenbergen"
"1029","Geertruidenberg",1,NA,1,1,"Zevenbergen"
"1030","Klundert",1,NA,1,1,"Zevenbergen"
"1031","Made",1,NA,1,1,"Zevenbergen"
"1032","Oosterhout",1,NA,NA,NA,"Zevenbergen"
"1033","Oud- en Nieuw-Gastel",NA,NA,1,1,"Zevenbergen"
"1034","Oudenbosch",1,NA,1,1,"Zevenbergen"
"1035","Raamsdonk",1,NA,1,1,"Zevenbergen"
"1036","Standdaarbuiten",1,NA,1,1,"Zevenbergen"
"1037","Terheijden",1,NA,NA,NA,"Zevenbergen"
"1038","Willemstad",1,NA,1,1,"Zevenbergen"
"1039","Zevenbergen",1,NA,1,1,"Zevenbergen"
"1040","Zwaluwe (Hooge- en Lage-)",1,NA,1,1,"Zevenbergen"
"1041","'s-Gravenmoer",NA,1,NA,NA,"Tilburg"
"1042","Alphen",NA,1,1,1,"Tilburg"
"1043","Baarle-Nassau",NA,1,NA,NA,"Tilburg"
"1044","Berkel",1,1,NA,NA,"Tilburg"
"1045","Besoijen",NA,1,NA,NA,"Tilburg"
"1046","Bladel",NA,1,NA,NA,"Tilburg"
"1047","Boxtel",1,NA,NA,NA,"Tilburg"
"1048","Capelle",NA,1,NA,NA,"Tilburg"
"1049","Chaam",NA,1,NA,NA,"Tilburg"
"1050","Cromvoirt",1,1,NA,NA,"Tilburg"
"1051","Diessen",1,1,1,1,"Tilburg"
"1052","Dongen",NA,1,NA,NA,"Tilburg"
"1053","Esch",1,NA,NA,NA,"Tilburg"
"1054","Geertruidenberg",NA,1,NA,NA,"Tilburg"
"1055","Gilze",1,1,NA,NA,"Tilburg"
"1056","Goirle",1,1,1,1,"Tilburg"
"1057","Haaren",1,1,NA,NA,"Tilburg"
"1058","Helvoirt",1,NA,NA,NA,"Tilburg"
"1059","Hilvarenbeek",1,1,1,1,"Tilburg"
"1060","Hooge- en Lage-Mierde",NA,1,NA,NA,"Tilburg"
"1061","Hoogeloon",NA,1,NA,NA,"Tilburg"
"1062","Liempde",1,NA,NA,NA,"Tilburg"
"1063","Loon op Zand",1,1,NA,NA,"Tilburg"
"1064","Made",NA,1,NA,NA,"Tilburg"
"1065","Moergestel",1,1,1,1,"Tilburg"
"1066","Aalst",1,1,NA,NA,"Eindhoven"
"1067","Aarle-Rixtel",NA,1,NA,NA,"Eindhoven"
"1068","Asten",NA,1,NA,NA,"Eindhoven"
"1069","Bakel",NA,1,NA,NA,"Eindhoven"
"1070","Beek en Donk",NA,1,NA,NA,"Eindhoven"
"1071","Bergeyk",1,1,1,1,"Eindhoven"
"1072","Best",1,1,1,1,"Eindhoven"
"1073","Bladel",1,NA,1,1,"Eindhoven"
"1074","Boekel",NA,1,NA,NA,"Eindhoven"
"1075","Borkel",1,1,1,1,"Eindhoven"
"1076","Budel",NA,1,NA,NA,"Eindhoven"
"1077","Deurne",NA,1,NA,NA,"Eindhoven"
"1078","Dommelen",1,1,1,1,"Eindhoven"
"1079","Duizel",1,1,1,1,"Eindhoven"
"1080","Eersel",1,1,1,1,"Eindhoven"
"1081","Eindhoven",1,1,1,1,"Eindhoven"
"1082","Erp",NA,1,NA,NA,"Eindhoven"
"1083","Geldrop",1,1,NA,NA,"Eindhoven"
"1084","Gemert",NA,1,NA,NA,"Eindhoven"
"1085","Gestel",1,1,1,1,"Eindhoven"
"1086","Heeze",NA,1,NA,NA,"Eindhoven"
"1087","Helmond",NA,1,NA,NA,"Eindhoven"
"1088","Hooge- en Lage-Mierde",1,NA,1,1,"Eindhoven"
"1089","Hoogeloon",1,NA,1,1,"Eindhoven"
"1090","Leende",NA,1,NA,NA,"Eindhoven"
"1091","Aalst",NA,NA,1,1,"Helmond"
"1092","Aarle-Rixtel",1,NA,1,1,"Helmond"
"1093","Asten",1,NA,1,1,"Helmond"
"1094","Bakel",1,NA,1,1,"Helmond"
"1095","Beek en Donk",1,NA,NA,NA,"Helmond"
"1096","Boekel",1,NA,NA,NA,"Helmond"
"1097","Budel",1,NA,1,1,"Helmond"
"1098","Deurne",1,NA,1,1,"Helmond"
"1099","Erp",1,NA,NA,NA,"Helmond"
"1100","Geldrop",NA,NA,1,1,"Helmond"
"1101","Gemert",1,NA,NA,NA,"Helmond"
"1102","Heeze",1,NA,1,1,"Helmond"
"1103","Helmond",1,NA,1,1,"Helmond"
"1104","Leende",1,NA,1,1,"Helmond"
"1105","Lierop",1,NA,1,1,"Helmond"
"1106","Lieshout",1,NA,NA,NA,"Helmond"
"1107","Maarheeze",1,NA,1,1,"Helmond"
"1108","Mierlo",1,NA,1,1,"Helmond"
"1109","Nunen",1,NA,1,1,"Helmond"
"1110","Soerendonk",1,NA,1,1,"Helmond"
"1111","Someren",1,NA,1,1,"Helmond"
"1112","Stiphout",1,NA,1,1,"Helmond"
"1113","Tongelre",NA,NA,1,1,"Helmond"
"1114","Veghel",1,NA,NA,NA,"Helmond"
"1115","Vlierden",1,NA,1,1,"Helmond"
"1116","Waalre",NA,NA,1,1,"Helmond"
"1117","Zes Gehuchten",NA,NA,1,1,"Helmond"
"1118","Ambij",1,1,1,1,"Maastricht"
"1119","Beek",NA,1,NA,NA,"Maastricht"
"1120","Bemelen",1,1,NA,NA,"Maastricht"
"1121","Berg en Terblijt",1,1,NA,NA,"Maastricht"
"1122","Bocholtz",NA,1,NA,NA,"Maastricht"
"1123","Borgharen",1,1,NA,NA,"Maastricht"
"1124","Brunssum",NA,1,NA,NA,"Maastricht"
"1125","Bunde",1,1,NA,NA,"Maastricht"
"1126","Cadier en Keer",NA,1,NA,NA,"Maastricht"
"1127","Eijgelshoven",NA,1,NA,NA,"Maastricht"
"1128","Eijsden",1,1,1,1,"Maastricht"
"1129","Elsloo",NA,1,NA,NA,"Maastricht"
"1130","Geertruid (St.)",1,1,NA,NA,"Maastricht"
"1131","Geulle",1,1,NA,NA,"Maastricht"
"1132","Gronsveld",1,1,1,1,"Maastricht"
"1133","Gulpen",NA,1,NA,NA,"Maastricht"
"1134","Heer",1,1,1,1,"Maastricht"
"1135","Heerlen",NA,1,NA,NA,"Maastricht"
"1136","Hoensbroek",NA,1,NA,NA,"Maastricht"
"1137","Houthem",1,1,NA,NA,"Maastricht"
"1138","Hulsberg",NA,1,NA,NA,"Maastricht"
"1139","Itteren",1,1,NA,NA,"Maastricht"
"1140","Kerkrade",NA,1,NA,NA,"Maastricht"
"1141","Klimmen",NA,1,NA,NA,"Maastricht"
"1142","Maastricht",1,1,1,1,"Maastricht"
"1143","Amstenrade",1,NA,1,1,"Sittard"
"1144","Beek",1,NA,1,1,"Sittard"
"1145","Bingelrade",1,NA,1,1,"Sittard"
"1146","Borgharen",NA,NA,1,1,"Sittard"
"1147","Born",1,NA,1,1,"Sittard"
"1148","Broeksittard",1,NA,1,1,"Sittard"
"1149","Brunssum",1,NA,1,1,"Sittard"
"1150","Bunde",NA,NA,1,1,"Sittard"
"1151","Echt",1,NA,NA,NA,"Sittard"
"1152","Eijgelshoven",NA,NA,1,1,"Sittard"
"1153","Elsloo",1,NA,1,1,"Sittard"
"1154","Geleen",1,NA,1,1,"Sittard"
"1155","Geulle",NA,NA,1,1,"Sittard"
"1156","Grevenbicht",1,NA,1,1,"Sittard"
"1157","Hoensbroek",NA,NA,1,1,"Sittard"
"1158","Hulsberg",NA,NA,1,1,"Sittard"
"1159","Itteren",NA,NA,1,1,"Sittard"
"1160","Jabeek",1,NA,1,1,"Sittard"
"1161","Limbricht",1,NA,1,1,"Sittard"
"1162","Maasbracht",1,NA,NA,NA,"Sittard"
"1163","Merkelbeek",1,NA,1,1,"Sittard"
"1164","Montfort",1,NA,NA,NA,"Sittard"
"1165","Munstergeleen",1,NA,1,1,"Sittard"
"1166","Nieuwenhagen",NA,NA,1,1,"Sittard"
"1167","Nieuwstad",1,NA,1,1,"Sittard"
"1168","Bocholtz",1,NA,NA,NA,"Heerlen"
"1169","Cadier en Keer",1,NA,NA,NA,"Heerlen"
"1170","Eijgelshoven",1,NA,NA,NA,"Heerlen"
"1171","Gulpen",1,NA,NA,NA,"Heerlen"
"1172","Heerlen",1,NA,NA,NA,"Heerlen"
"1173","Hoensbroek",1,NA,NA,NA,"Heerlen"
"1174","Hulsberg",1,NA,NA,NA,"Heerlen"
"1175","Kerkrade",1,NA,NA,NA,"Heerlen"
"1176","Klimmen",1,NA,NA,NA,"Heerlen"
"1177","Margraten",1,NA,NA,NA,"Heerlen"
"1178","Mheer",1,NA,NA,NA,"Heerlen"
"1179","Nieuwenhagen",1,NA,NA,NA,"Heerlen"
"1180","Noorbeek",1,NA,NA,NA,"Heerlen"
"1181","Nuth",1,NA,NA,NA,"Heerlen"
"1182","Oud-Valkenburg",1,NA,NA,NA,"Heerlen"
"1183","Rimburg",1,NA,NA,NA,"Heerlen"
"1184","Schaesberg",1,NA,NA,NA,"Heerlen"
"1185","Schimmert",1,NA,NA,NA,"Heerlen"
"1186","Schin op Geulle",1,NA,NA,NA,"Heerlen"
"1187","Simpelveld",1,NA,NA,NA,"Heerlen"
"1188","Slenaken",1,NA,NA,NA,"Heerlen"
"1189","Strucht",1,NA,NA,NA,"Heerlen"
"1190","Ubach over Worms",1,NA,NA,NA,"Heerlen"
"1191","Vaals",1,NA,NA,NA,"Heerlen"
"1192","Valkenburg",1,NA,NA,NA,"Heerlen"
"1193","Voerendaal",1,NA,NA,NA,"Heerlen"
"1194","Wijlre",1,NA,NA,NA,"Heerlen"
"1195","Wijnandsrade",1,NA,NA,NA,"Heerlen"
"1196","Wittem",1,NA,NA,NA,"Heerlen"
"1197","Amstenrade",NA,1,NA,NA,"Roermond"
"1198","Baexem",1,1,NA,NA,"Roermond"
"1199","Beegden",1,1,1,1,"Roermond"
"1200","Beesel",NA,1,1,1,"Roermond"
"1201","Belfeld",NA,1,NA,NA,"Roermond"
"1202","Bingelrade",NA,1,NA,NA,"Roermond"
"1203","Born",NA,1,NA,NA,"Roermond"
"1204","Broeksittard",NA,1,NA,NA,"Roermond"
"1205","Buggenum",1,1,NA,NA,"Roermond"
"1206","Echt",NA,1,1,1,"Roermond"
"1207","Geleen",NA,1,NA,NA,"Roermond"
"1208","Grathem",1,1,NA,NA,"Roermond"
"1209","Grevenbicht",NA,1,NA,NA,"Roermond"
"1210","Haelen",1,1,NA,NA,"Roermond"
"1211","Heel en Panheel",1,1,1,1,"Roermond"
"1212","Heijthuizen",1,1,NA,NA,"Roermond"
"1213","Helden",NA,1,NA,NA,"Roermond"
"1214","Herten",1,1,1,1,"Roermond"
"1215","Horn",1,1,1,1,"Roermond"
"1216","Hunsel",1,1,NA,NA,"Roermond"
"1217","Ittervoort",1,1,NA,NA,"Roermond"
"1218","Jabeek",NA,1,NA,NA,"Roermond"
"1219","Kessel",NA,1,NA,NA,"Roermond"
"1220","Limbricht",NA,1,NA,NA,"Roermond"
"1221","Linne",1,1,1,1,"Roermond"
"1222","Arcen en Velden",1,NA,1,1,"Venlo"
"1223","Beesel",1,NA,NA,NA,"Venlo"
"1224","Belfeld",1,NA,1,1,"Venlo"
"1225","Bergen",1,NA,1,1,"Venlo"
"1226","Broekhuizen",1,NA,1,1,"Venlo"
"1227","Gennep",1,NA,1,1,"Venlo"
"1228","Grubbenvorst",1,NA,1,1,"Venlo"
"1229","Helden",1,NA,NA,NA,"Venlo"
"1230","Horst",1,NA,NA,NA,"Venlo"
"1231","Kessel",1,NA,NA,NA,"Venlo"
"1232","Maasbree",1,NA,NA,NA,"Venlo"
"1233","Maashees",NA,NA,1,1,"Venlo"
"1234","Meerlo",1,NA,1,1,"Venlo"
"1235","Mook en Middelaar",1,NA,1,1,"Venlo"
"1236","Oploo",NA,NA,1,1,"Venlo"
"1237","Ottersum",1,NA,1,1,"Venlo"
"1238","Sambeek",NA,NA,1,1,"Venlo"
"1239","Sevenum",1,NA,NA,NA,"Venlo"
"1240","Tegelen",1,NA,1,1,"Venlo"
"1241","Venlo",1,NA,1,1,"Venlo"
"1242","Venraij",1,NA,1,1,"Venlo"
"1243","Vierlingsbeek",NA,NA,1,1,"Venlo"
"1244","Wanssum",1,NA,1,1,"Venlo"
"1245","Alem",NA,NA,1,1,"Grave"
"1246","Beers",1,NA,1,1,"Grave"
"1247","Berghem",1,NA,1,1,"Grave"
"1248","Beugen",1,NA,1,1,"Grave"
"1249","Boxmeer",1,NA,1,1,"Grave"
"1250","Cuijk",1,NA,1,1,"Grave"
"1251","Deursen",1,NA,1,1,"Grave"
"1252","Dieden",1,NA,1,1,"Grave"
"1253","Escharen",1,NA,1,1,"Grave"
"1254","Gassel",1,NA,1,1,"Grave"
"1255","Geffen",NA,NA,1,1,"Grave"
"1256","Grave",1,NA,1,1,"Grave"
"1257","Haps",1,NA,1,1,"Grave"
"1258","Heesch",NA,NA,1,1,"Grave"
"1259","Herpen",1,NA,1,1,"Grave"
"1260","Huisseling",1,NA,1,1,"Grave"
"1261","Linden",1,NA,1,1,"Grave"
"1262","Lith",NA,NA,1,1,"Grave"
"1263","Lithoijen",NA,NA,1,1,"Grave"
"1264","Maashees",1,NA,NA,NA,"Grave"
"1265","Megen",1,NA,1,1,"Grave"
"1266","Mill",1,NA,1,1,"Grave"
"1267","Nistelrode",NA,NA,1,1,"Grave"
"1268","Oeffelt",1,NA,1,1,"Grave"
"1269","Oijen",1,NA,1,1,"Grave"
"1270","Alem",NA,1,NA,NA,"Den Bosch"
"1271","Baardwijk",NA,1,NA,NA,"Den Bosch"
"1272","Berghem",NA,1,NA,NA,"Den Bosch"
"1273","Berlicum",NA,1,1,1,"Den Bosch"
"1274","Bokhoven",NA,1,NA,NA,"Den Bosch"
"1275","Boxtel",NA,1,1,1,"Den Bosch"
"1276","Den Bosch",1,1,1,1,"Den Bosch"
"1277","Den Dungen",1,1,1,1,"Den Bosch"
"1278","Deursen",NA,1,NA,NA,"Den Bosch"
"1279","Dieden",NA,1,NA,NA,"Den Bosch"
"1280","Dinther",1,1,NA,NA,"Den Bosch"
"1281","Drunen",NA,1,NA,NA,"Den Bosch"
"1282","Empel",NA,1,NA,NA,"Den Bosch"
"1283","Engelen",NA,1,NA,NA,"Den Bosch"
"1284","Esch",NA,1,1,1,"Den Bosch"
"1285","Geffen",1,1,NA,NA,"Den Bosch"
"1286","Hedikhuizen",NA,1,NA,NA,"Den Bosch"
"1287","Heesch",1,1,NA,NA,"Den Bosch"
"1288","Heeswijk",1,1,NA,NA,"Den Bosch"
"1289","Helvoirt",NA,1,NA,NA,"Den Bosch"
"1290","Herpen",NA,1,NA,NA,"Den Bosch"
"1291","Herpt",NA,1,NA,NA,"Den Bosch"
"1292","Heusden",NA,1,NA,NA,"Den Bosch"
"1293","Huisseling",NA,1,NA,NA,"Den Bosch"
"1294","Liempde",NA,1,NA,NA,"Den Bosch"
"1295","Alem",1,NA,NA,NA,"Heusden"
"1296","Almkerk",1,NA,NA,NA,"Heusden"
"1297","Andel (Op- en Neer-)",1,NA,NA,NA,"Heusden"
"1298","Baardwijk",1,NA,NA,NA,"Heusden"
"1299","Besoijen",1,NA,NA,NA,"Heusden"
"1300","Bokhoven",1,NA,NA,NA,"Heusden"
"1301","Capelle",1,NA,NA,NA,"Heusden"
"1302","De Werken",1,NA,NA,NA,"Heusden"
"1303","Drongelen",1,NA,NA,NA,"Heusden"
"1304","Drunen",1,NA,NA,NA,"Heusden"
"1305","Dussen",1,NA,NA,NA,"Heusden"
"1306","Emmikhoven en Waardhuizen",1,NA,NA,NA,"Heusden"
"1307","Empel",1,NA,NA,NA,"Heusden"
"1308","Engelen",1,NA,NA,NA,"Heusden"
"1309","Giessen",1,NA,NA,NA,"Heusden"
"1310","Hedikhuizen",1,NA,NA,NA,"Heusden"
"1311","Heesbeen",1,NA,NA,NA,"Heusden"
"1312","Herpt",1,NA,NA,NA,"Heusden"
"1313","Heusden",1,NA,NA,NA,"Heusden"
"1314","Meeuwen",1,NA,NA,NA,"Heusden"
"1315","Nieuwkuijk",1,NA,NA,NA,"Heusden"
"1316","Oudheusden",1,NA,NA,NA,"Heusden"
"1317","Rijswijk",1,NA,NA,NA,"Heusden"
"1318","Sprang",1,NA,NA,NA,"Heusden"
"1319","Veen",1,NA,NA,NA,"Heusden"
"1320","Adorp",NA,1,1,1,"Zuidhorn"
"1321","Aduard",NA,1,1,1,"Zuidhorn"
"1322","Baflo",NA,1,NA,NA,"Zuidhorn"
"1323","Bedum",NA,1,NA,NA,"Zuidhorn"
"1324","Eenrum",NA,1,NA,NA,"Zuidhorn"
"1325","Ezinge",NA,1,1,1,"Zuidhorn"
"1326","Grijpskerk",NA,1,1,1,"Zuidhorn"
"1327","Grootegast",NA,1,1,1,"Zuidhorn"
"1328","Hoogkerk",NA,1,1,1,"Zuidhorn"
"1329","Kloosterburen",NA,1,1,1,"Zuidhorn"
"1330","Leek",NA,1,1,1,"Zuidhorn"
"1331","Leens",NA,1,1,1,"Zuidhorn"
"1332","Marum",NA,1,1,1,"Zuidhorn"
"1333","Noorddijk",NA,1,NA,NA,"Zuidhorn"
"1334","Oldehove",NA,1,1,1,"Zuidhorn"
"1335","Oldekerk",NA,1,1,1,"Zuidhorn"
"1336","Ulrum",NA,1,1,1,"Zuidhorn"
"1337","Warffum",NA,1,NA,NA,"Zuidhorn"
"1338","Winsum",NA,1,1,1,"Zuidhorn"
"1339","Zuidhorn",NA,1,1,1,"Zuidhorn"
"1340","Blankenham",NA,1,1,1,"Steenwijk"
"1341","Blokzijl",NA,1,1,1,"Steenwijk"
"1342","Genemuiden",NA,NA,1,1,"Steenwijk"
"1343","Giethoorn",NA,1,1,1,"Steenwijk"
"1344","Hasselt",NA,NA,1,1,"Steenwijk"
"1345","Kuinre",NA,1,1,1,"Steenwijk"
"1346","Nieuwleusen",NA,NA,1,1,"Steenwijk"
"1347","Oldemarkt",NA,1,1,1,"Steenwijk"
"1348","Ooststellingwerf",NA,1,NA,NA,"Steenwijk"
"1349","Staphorst",NA,1,1,1,"Steenwijk"
"1350","Steenwijk",NA,1,1,1,"Steenwijk"
"1351","Steenwijkerwold",NA,1,1,1,"Steenwijk"
"1352","Vollenhove (Ambt-)",NA,1,1,1,"Steenwijk"
"1353","Vollenhove (Stad-)",NA,1,1,1,"Steenwijk"
"1354","Wanneperveen",NA,1,1,1,"Steenwijk"
"1355","Weststellingwerf",NA,1,NA,NA,"Steenwijk"
"1356","Zwartsluis",NA,1,1,1,"Steenwijk"
"1357","Ammerzoden",NA,1,NA,NA,"Tiel"
"1358","Beesd",NA,1,1,1,"Tiel"
"1359","Brakel",NA,1,NA,NA,"Tiel"
"1360","Deil",NA,1,1,1,"Tiel"
"1361","Dodewaard",NA,NA,1,1,"Tiel"
"1362","Dreumel",NA,1,NA,NA,"Tiel"
"1363","Driel",NA,1,NA,NA,"Tiel"
"1364","Echteld",NA,NA,1,1,"Tiel"
"1365","Est en Opijnen",NA,1,1,1,"Tiel"
"1366","Gameren",NA,1,NA,NA,"Tiel"
"1367","Geldermalsen",NA,1,1,1,"Tiel"
"1368","Haaften",NA,1,1,1,"Tiel"
"1369","Hedel",NA,1,NA,NA,"Tiel"
"1370","Heerewaarden",NA,1,NA,NA,"Tiel"
"1371","Herwijnen",NA,1,NA,NA,"Tiel"
"1372","Hurwenen",NA,1,NA,NA,"Tiel"
"1373","Kerkwijk",NA,1,NA,NA,"Tiel"
"1374","Kesteren",NA,NA,1,1,"Tiel"
"1375","Lienden",NA,NA,1,1,"Tiel"
"1376","Maurik",NA,NA,1,1,"Tiel"
"1377","Nederhemert",NA,1,NA,NA,"Tiel"
"1378","Ophemert",NA,1,1,1,"Tiel"
"1379","Poederoijen",NA,1,NA,NA,"Tiel"
"1380","Rossum",NA,1,NA,NA,"Tiel"
"1381","Tiel",NA,1,1,1,"Tiel"
"1382","'s Graveland",NA,NA,1,1,"Hilversum"
"1383","Ankeveen",NA,NA,1,1,"Hilversum"
"1384","Blaricum",NA,NA,1,1,"Hilversum"
"1385","Bussum",NA,NA,1,1,"Hilversum"
"1386","Diemen",NA,NA,1,1,"Hilversum"
"1387","Hilversum",NA,NA,1,1,"Hilversum"
"1388","Huizen",NA,NA,1,1,"Hilversum"
"1389","Kortenhoef",NA,NA,1,1,"Hilversum"
"1390","Laren",NA,NA,1,1,"Hilversum"
"1391","Muiden",NA,NA,1,1,"Hilversum"
"1392","Naarden",NA,NA,1,1,"Hilversum"
"1393","Nederhorst den Berg",NA,NA,1,1,"Hilversum"
"1394","Nigtevecht",NA,NA,1,1,"Hilversum"
"1395","Ouder-Amstel",NA,NA,1,1,"Hilversum"
"1396","Watergraafsmeer",NA,NA,1,1,"Hilversum"
"1397","Weesp",NA,NA,1,1,"Hilversum"
"1398","Weesperkarspel",NA,NA,1,1,"Hilversum"
"1399","Amsterdam",NA,1,1,NA,"Amsterdam"
"1400","Diemen",NA,1,NA,NA,"Amsterdam"
"1401","Nieuwer-Amstel",NA,NA,1,NA,"Amsterdam"
"1402","Watergraafsmeer",NA,1,NA,NA,"Amsterdam"
"1403","Aalsmeer",NA,NA,1,1,"Haarlemmermeer"
"1404","Alkemade",NA,NA,1,1,"Haarlemmermeer"
"1405","Bennebroek",NA,NA,1,1,"Haarlemmermeer"
"1406","Haarlemmermeer",NA,NA,1,1,"Haarlemmermeer"
"1407","Heemstede",NA,NA,1,1,"Haarlemmermeer"
"1408","Hillegom",NA,NA,1,1,"Haarlemmermeer"
"1409","Leimuiden",NA,NA,1,1,"Haarlemmermeer"
"1410","Lisse",NA,NA,1,1,"Haarlemmermeer"
"1411","Nieuwer-Amstel",NA,NA,NA,1,"Haarlemmermeer"
"1412","Sloten",NA,NA,1,1,"Haarlemmermeer"
"1413","Uithoorn",NA,NA,1,1,"Haarlemmermeer"
"1414","Capelle aan den Yssel",NA,NA,1,NA,"Rotterdam"
"1415","Charlois",NA,NA,1,NA,"Rotterdam"
"1416","Kralingen",NA,NA,1,NA,"Rotterdam"
"1417","Rotterdam",NA,1,1,NA,"Rotterdam"
"1418","'s-Gravenzande",NA,1,NA,NA,"Den Haag"
"1419","Den Haag",NA,1,1,NA,"Den Haag"
"1420","Loosduinen",NA,1,NA,NA,"Den Haag"
"1421","Monster",NA,1,NA,NA,"Den Haag"
"1422","Rijswijk",NA,1,NA,NA,"Den Haag"
"1423","Veur",NA,1,NA,NA,"Den Haag"
"1424","Voorburg",NA,1,NA,NA,"Den Haag"
"1425","Wassenaar",NA,1,NA,NA,"Den Haag"
"1426","Arcen en Velden",NA,1,NA,NA,"Boxmeer"
"1427","Beers",NA,1,NA,NA,"Boxmeer"
"1428","Bergen",NA,1,NA,NA,"Boxmeer"
"1429","Beugen",NA,1,NA,NA,"Boxmeer"
"1430","Boxmeer",NA,1,NA,NA,"Boxmeer"
"1431","Broekhuizen",NA,1,NA,NA,"Boxmeer"
"1432","Cuijk",NA,1,NA,NA,"Boxmeer"
"1433","Escharen",NA,1,NA,NA,"Boxmeer"
"1434","Gassel",NA,1,NA,NA,"Boxmeer"
"1435","Gennep",NA,1,NA,NA,"Boxmeer"
"1436","Grave",NA,1,NA,NA,"Boxmeer"
"1437","Grubbenvorst",NA,1,NA,NA,"Boxmeer"
"1438","Haps",NA,1,NA,NA,"Boxmeer"
"1439","Horst",NA,1,NA,NA,"Boxmeer"
"1440","Linden",NA,1,NA,NA,"Boxmeer"
"1441","Maashees",NA,1,NA,NA,"Boxmeer"
"1442","Meerlo",NA,1,NA,NA,"Boxmeer"
"1443","Mill",NA,1,NA,NA,"Boxmeer"
"1444","Mook en Middelaar",NA,1,NA,NA,"Boxmeer"
"1445","Oeffelt",NA,1,NA,NA,"Boxmeer"
"1446","Oploo",NA,1,NA,NA,"Boxmeer"
"1447","Ottersum",NA,1,NA,NA,"Boxmeer"
"1448","Sambeek",NA,1,NA,NA,"Boxmeer"
"1449","Sevenum",NA,1,NA,NA,"Boxmeer"
"1450","Venraij",NA,1,NA,NA,"Boxmeer"
"1451","Vierlingsbeek",NA,1,NA,NA,"Boxmeer"
"1452","Wanroij",NA,1,NA,NA,"Boxmeer"
"1453","Wanssum",NA,1,NA,NA,"Boxmeer"
"1454","Meeden",NA,NA,1,1,"Veendam"
"1455","Muntendam",NA,NA,1,1,"Veendam"
"1456","Nieuwe-Pekela",NA,NA,1,1,"Veendam"
"1457","Onstwedde",NA,NA,1,1,"Veendam"
"1458","Oude-Pekela",NA,NA,1,1,"Veendam"
"1459","Sappemeer",NA,NA,1,1,"Veendam"
"1460","Veendam",NA,NA,1,1,"Veendam"
"1461","Vlagtwedde",NA,NA,1,1,"Veendam"
"1462","Beilen",NA,NA,1,1,"Emmen"
"1463","Borger",NA,NA,1,1,"Emmen"
"1464","Coevorden",NA,NA,1,1,"Emmen"
"1465","Dalen",NA,NA,1,1,"Emmen"
"1466","Emmen",NA,NA,1,1,"Emmen"
"1467","Odoorn",NA,NA,1,1,"Emmen"
"1468","Oosterhesselen",NA,NA,1,1,"Emmen"
"1469","Schoonebeek",NA,NA,1,1,"Emmen"
"1470","Sleen",NA,NA,1,1,"Emmen"
"1471","Westerbork",NA,NA,1,1,"Emmen"
"1472","Zweelo",NA,NA,1,1,"Emmen"
"1473","Barradeel",NA,NA,1,1,"Harlingen"
"1474","Bolsward",NA,NA,1,1,"Harlingen"
"1475","Harlingen",NA,NA,1,1,"Harlingen"
"1476","Hindeloopen",NA,NA,1,1,"Harlingen"
"1477","Wonseradeel",NA,NA,1,1,"Harlingen"
"1478","Workum",NA,NA,1,1,"Harlingen"
"1479","Aengwirden",NA,NA,1,1,"Schoterland"
"1480","Haskerland",NA,NA,1,1,"Schoterland"
"1481","Opsterland",NA,NA,1,1,"Schoterland"
"1482","Schoterland",NA,NA,1,1,"Schoterland"
"1483","Utingeradeel",NA,NA,1,1,"Schoterland"
"1484","Achtkarspelen",NA,NA,1,NA,"Bergum"
"1485","Kollumerland",NA,NA,1,NA,"Bergum"
"1486","Smallingerland",NA,NA,1,NA,"Bergum"
"1487","Tietjerksteradeel",NA,NA,1,NA,"Bergum"
"1488","Diever",NA,NA,1,NA,"Wolvega"
"1489","Havelte",NA,NA,1,NA,"Wolvega"
"1490","Lemsterland",NA,NA,1,NA,"Wolvega"
"1491","Ooststellingwerf",NA,NA,1,NA,"Wolvega"
"1492","Smilde",NA,NA,1,NA,"Wolvega"
"1493","Vledder",NA,NA,1,NA,"Wolvega"
"1494","Weststellingwerf",NA,NA,1,NA,"Wolvega"
"1495","Avereest",NA,NA,1,1,"Meppel"
"1496","De Wijk",NA,NA,1,1,"Meppel"
"1497","Dwingelo",NA,NA,1,1,"Meppel"
"1498","Hoogeveen",NA,NA,1,1,"Meppel"
"1499","Meppel",NA,NA,1,1,"Meppel"
"1500","Nijeveen",NA,NA,1,1,"Meppel"
"1501","Ruinen",NA,NA,1,1,"Meppel"
"1502","Ruinerwold",NA,NA,1,1,"Meppel"
"1503","Zuidwolde",NA,NA,1,1,"Meppel"
"1504","Gramsbergen",NA,NA,1,1,"Ommen"
"1505","Ham (Den)",NA,NA,1,1,"Ommen"
"1506","Hardenberg (Ambt-)",NA,NA,1,1,"Ommen"
"1507","Hardenberg (Stad-)",NA,NA,1,1,"Ommen"
"1508","Hellendoorn",NA,NA,1,1,"Ommen"
"1509","Holten",NA,NA,1,1,"Ommen"
"1510","Ommen (Ambt-)",NA,NA,1,1,"Ommen"
"1511","Ommen (Stad-)",NA,NA,1,1,"Ommen"
"1512","Raalte",NA,NA,1,1,"Ommen"
"1513","Vriezenveen",NA,NA,1,1,"Ommen"
"1514","Borculo",NA,NA,1,1,"Lochem"
"1515","Delden (Ambt-)",NA,NA,1,1,"Lochem"
"1516","Delden (Stad-)",NA,NA,1,1,"Lochem"
"1517","Diepenheim",NA,NA,1,1,"Lochem"
"1518","Eibergen",NA,NA,1,1,"Lochem"
"1519","Goor",NA,NA,1,1,"Lochem"
"1520","Gorssel",NA,NA,1,1,"Lochem"
"1521","Groenlo",NA,NA,1,1,"Lochem"
"1522","Laren",NA,NA,1,1,"Lochem"
"1523","Lochem",NA,NA,1,1,"Lochem"
"1524","Markelo",NA,NA,1,1,"Lochem"
"1525","Neede",NA,NA,1,1,"Lochem"
"1526","Ruurlo",NA,NA,1,1,"Lochem"
"1527","Angerlo",NA,NA,1,1,"Rheden"
"1528","Bergh",NA,NA,1,1,"Rheden"
"1529","Didam",NA,NA,1,1,"Rheden"
"1530","Duiven",NA,NA,1,1,"Rheden"
"1531","Herwen en Aerdt",NA,NA,1,1,"Rheden"
"1532","Huissen",NA,NA,1,1,"Rheden"
"1533","Rheden",NA,NA,1,1,"Rheden"
"1534","Rozendaal",NA,NA,1,1,"Rheden"
"1535","Wehl",NA,NA,1,1,"Rheden"
"1536","Westervoort",NA,NA,1,1,"Rheden"
"1537","Zevenaar",NA,NA,1,1,"Rheden"
"1538","Ammerzoden",NA,NA,1,1,"Druten"
"1539","Appeltern",NA,NA,1,1,"Druten"
"1540","Balgoij",NA,NA,1,1,"Druten"
"1541","Batenburg",NA,NA,1,1,"Druten"
"1542","Bergharen",NA,NA,1,1,"Druten"
"1543","Brakel",NA,NA,1,1,"Druten"
"1544","Dreumel",NA,NA,1,1,"Druten"
"1545","Driel",NA,NA,1,1,"Druten"
"1546","Druten",NA,NA,1,1,"Druten"
"1547","Gameren",NA,NA,1,1,"Druten"
"1548","Hedel",NA,NA,1,1,"Druten"
"1549","Heerewaarden",NA,NA,1,1,"Druten"
"1550","Horssen",NA,NA,1,1,"Druten"
"1551","Hurwenen",NA,NA,1,1,"Druten"
"1552","Kerkwijk",NA,NA,1,1,"Druten"
"1553","Overasselt",NA,NA,1,1,"Druten"
"1554","Poederoijen",NA,NA,1,1,"Druten"
"1555","Rossum",NA,NA,1,1,"Druten"
"1556","Wamel",NA,NA,1,1,"Druten"
"1557","Wijchen",NA,NA,1,1,"Druten"
"1558","Zaltbommel",NA,NA,1,1,"Druten"
"1559","Zuilichem",NA,NA,1,1,"Druten"
"1560","Benschop",NA,NA,1,1,"Wijk bij Duurstede"
"1561","Beusichem",NA,NA,1,1,"Wijk bij Duurstede"
"1562","Bunnik",NA,NA,NA,1,"Wijk bij Duurstede"
"1563","Buren",NA,NA,1,1,"Wijk bij Duurstede"
"1564","Buurmalsen",NA,NA,1,1,"Wijk bij Duurstede"
"1565","Cothen",NA,NA,1,1,"Wijk bij Duurstede"
"1566","Culemborg",NA,NA,1,1,"Wijk bij Duurstede"
"1567","Driebergen",NA,NA,1,1,"Wijk bij Duurstede"
"1568","Hoenkoop",NA,NA,1,1,"Wijk bij Duurstede"
"1569","Houten",NA,NA,1,1,"Wijk bij Duurstede"
"1570","Jaarsveld",NA,NA,1,1,"Wijk bij Duurstede"
"1571","Jutphaas",NA,NA,1,1,"Wijk bij Duurstede"
"1572","Langbroek",NA,NA,1,1,"Wijk bij Duurstede"
"1573","Lopik",NA,NA,1,1,"Wijk bij Duurstede"
"1574","Montfoort",NA,NA,1,1,"Wijk bij Duurstede"
"1575","Odijk",NA,NA,1,1,"Wijk bij Duurstede"
"1576","Oudenrijn",NA,NA,NA,1,"Wijk bij Duurstede"
"1577","Polsbroek",NA,NA,1,1,"Wijk bij Duurstede"
"1578","Rijsenburg",NA,NA,1,1,"Wijk bij Duurstede"
"1579","Schalkwijk",NA,NA,1,1,"Wijk bij Duurstede"
"1580","Snelrewaard",NA,NA,1,1,"Wijk bij Duurstede"
"1581","Tull en 't Waal",NA,NA,1,1,"Wijk bij Duurstede"
"1582","Vreeswijk",NA,NA,1,1,"Wijk bij Duurstede"
"1583","Werkhoven",NA,NA,1,1,"Wijk bij Duurstede"
"1584","Wijk bij Duurstede",NA,NA,1,1,"Wijk bij Duurstede"
"1585","Willeskop",NA,NA,1,1,"Wijk bij Duurstede"
"1586","Willige Langerak",NA,NA,1,1,"Wijk bij Duurstede"
"1587","Ysselstein",NA,NA,1,1,"Wijk bij Duurstede"
"1588","Amerongen",NA,NA,1,1,"Ede"
"1589","Barneveld",NA,NA,1,1,"Ede"
"1590","Ede",NA,NA,1,1,"Ede"
"1591","Hoevelaken",NA,NA,1,1,"Ede"
"1592","Leersum",NA,NA,1,1,"Ede"
"1593","Nijkerk",NA,NA,1,1,"Ede"
"1594","Renswoude",NA,NA,1,1,"Ede"
"1595","Rhenen",NA,NA,1,1,"Ede"
"1596","Scherpenzeel",NA,NA,1,1,"Ede"
"1597","Veenendaal",NA,NA,1,1,"Ede"
"1598","Apeldoorn",NA,NA,1,1,"Apeldoorn"
"1599","Epe",NA,NA,1,1,"Apeldoorn"
"1600","Ermelo",NA,NA,1,1,"Apeldoorn"
"1601","Harderwijk",NA,NA,1,1,"Apeldoorn"
"1602","Putten",NA,NA,1,1,"Apeldoorn"
"1603","Aar (Ter)",NA,NA,1,1,"Breukelen"
"1604","Abcoude-Baambrugge",NA,NA,1,1,"Breukelen"
"1605","Abcoude-Proostdij",NA,NA,1,1,"Breukelen"
"1606","Breukelen-Nijenrode",NA,NA,1,1,"Breukelen"
"1607","Breukelen-St. Pieters",NA,NA,1,1,"Breukelen"
"1608","Haarzuilens",NA,NA,1,1,"Breukelen"
"1609","Harmelen",NA,NA,1,1,"Breukelen"
"1610","Kamerik",NA,NA,1,1,"Breukelen"
"1611","Kockengen",NA,NA,1,1,"Breukelen"
"1612","Laagnieuwkoop",NA,NA,1,1,"Breukelen"
"1613","Linschoten",NA,NA,1,1,"Breukelen"
"1614","Loenen",NA,NA,1,1,"Breukelen"
"1615","Loenersloot",NA,NA,1,1,"Breukelen"
"1616","Loosdrecht",NA,NA,1,1,"Breukelen"
"1617","Maarssen",NA,NA,1,1,"Breukelen"
"1618","Maarsseveen",NA,NA,1,1,"Breukelen"
"1619","Mijdrecht",NA,NA,1,1,"Breukelen"
"1620","Nieuwkoop",NA,NA,1,1,"Breukelen"
"1621","Nieuwveen",NA,NA,1,1,"Breukelen"
"1622","Ruwiel",NA,NA,1,1,"Breukelen"
"1623","Tienhoven",NA,NA,1,1,"Breukelen"
"1624","Veldhuizen",NA,NA,1,1,"Breukelen"
"1625","Vinkeveen",NA,NA,1,1,"Breukelen"
"1626","Vleuten",NA,NA,1,1,"Breukelen"
"1627","Vreeland",NA,NA,1,1,"Breukelen"
"1628","Wilnis",NA,NA,1,1,"Breukelen"
"1629","Zegveld",NA,NA,1,1,"Breukelen"
"1630","Zevenhoven",NA,NA,1,1,"Breukelen"
"1631","Zuilen",NA,NA,1,1,"Breukelen"
"1632","Abbekerk",NA,NA,1,1,"Enkhuizen"
"1633","Andijk",NA,NA,1,1,"Enkhuizen"
"1634","Blokker",NA,NA,1,1,"Enkhuizen"
"1635","Bovenkarspel",NA,NA,1,1,"Enkhuizen"
"1636","Enkhuizen",NA,NA,1,1,"Enkhuizen"
"1637","Grootebroek",NA,NA,1,1,"Enkhuizen"
"1638","Hensbroek",NA,NA,1,1,"Enkhuizen"
"1639","Hoogkarspel",NA,NA,1,1,"Enkhuizen"
"1640","Hoogwoud",NA,NA,1,1,"Enkhuizen"
"1641","Medemblik",NA,NA,1,1,"Enkhuizen"
"1642","Midwoud",NA,NA,1,1,"Enkhuizen"
"1643","Nibbixwoud",NA,NA,1,1,"Enkhuizen"
"1644","Obdam",NA,NA,1,1,"Enkhuizen"
"1645","Opmeer",NA,NA,1,1,"Enkhuizen"
"1646","Opperdoes",NA,NA,1,1,"Enkhuizen"
"1647","Schellinkhout",NA,NA,1,1,"Enkhuizen"
"1648","Sijbekarspel",NA,NA,1,1,"Enkhuizen"
"1649","Spanbroek",NA,NA,1,1,"Enkhuizen"
"1650","Twisk",NA,NA,1,1,"Enkhuizen"
"1651","Urk",NA,NA,1,1,"Enkhuizen"
"1652","Venhuizen",NA,NA,1,1,"Enkhuizen"
"1653","Wervershoof",NA,NA,1,1,"Enkhuizen"
"1654","Westwoud",NA,NA,1,1,"Enkhuizen"
"1655","Wijdenes",NA,NA,1,1,"Enkhuizen"
"1656","Winkel",NA,NA,1,1,"Enkhuizen"
"1657","Wognum",NA,NA,1,1,"Enkhuizen"
"1658","Anna Paulowna",NA,NA,1,1,"Den Helder"
"1659","Callantsoog",NA,NA,1,1,"Den Helder"
"1660","Helder (Den)",NA,NA,1,1,"Den Helder"
"1661","Petten",NA,NA,1,1,"Den Helder"
"1662","Terschelling",NA,NA,1,1,"Den Helder"
"1663","Texel",NA,NA,1,1,"Den Helder"
"1664","Vlieland",NA,NA,1,1,"Den Helder"
"1665","Wieringen",NA,NA,1,1,"Den Helder"
"1666","Zijpe (De)",NA,NA,1,1,"Den Helder"
"1667","Akersloot",NA,NA,1,1,"Beverwijk"
"1668","Assendelft",NA,NA,1,1,"Beverwijk"
"1669","Beverwijk",NA,NA,1,1,"Beverwijk"
"1670","Bloemendaal",NA,NA,1,1,"Beverwijk"
"1671","Castricum",NA,NA,1,1,"Beverwijk"
"1672","Egmond aan Zee",NA,NA,1,1,"Beverwijk"
"1673","Egmond-Binnen",NA,NA,1,1,"Beverwijk"
"1674","Haarlemmerliede",NA,NA,1,1,"Beverwijk"
"1675","Heemskerk",NA,NA,1,1,"Beverwijk"
"1676","Krommenie",NA,NA,1,1,"Beverwijk"
"1677","Limmen",NA,NA,1,1,"Beverwijk"
"1678","Schoten",NA,NA,1,1,"Beverwijk"
"1679","Spaarndam",NA,NA,1,1,"Beverwijk"
"1680","Uitgeest",NA,NA,1,1,"Beverwijk"
"1681","Velsen",NA,NA,1,1,"Beverwijk"
"1682","Westzaan",NA,NA,1,1,"Beverwijk"
"1683","Wijk aan Zee en Duin",NA,NA,1,1,"Beverwijk"
"1684","Zandvoort",NA,NA,1,1,"Beverwijk"
"1685","Katwijk",NA,NA,1,1,"Katwijk"
"1686","Koudekerk",NA,NA,1,1,"Katwijk"
"1687","Leiderdorp",NA,NA,1,1,"Katwijk"
"1688","Noordwijk",NA,NA,1,1,"Katwijk"
"1689","Noordwijkerhout",NA,NA,1,1,"Katwijk"
"1690","Oegstgeest",NA,NA,1,1,"Katwijk"
"1691","Oudshoorn",NA,NA,1,1,"Katwijk"
"1692","Rijnsaterwoude",NA,NA,1,1,"Katwijk"
"1693","Rijnsburg",NA,NA,1,1,"Katwijk"
"1694","Sassenheim",NA,NA,1,1,"Katwijk"
"1695","Valkenburg",NA,NA,1,1,"Katwijk"
"1696","Veur",NA,NA,1,1,"Katwijk"
"1697","Voorhout",NA,NA,1,1,"Katwijk"
"1698","Voorschoten",NA,NA,1,1,"Katwijk"
"1699","Warmond",NA,NA,1,1,"Katwijk"
"1700","Wassenaar",NA,NA,1,1,"Katwijk"
"1701","Woubrugge",NA,NA,1,1,"Katwijk"
"1702","Zoeterwoude",NA,NA,1,1,"Katwijk"
"1703","Aarlanderveen",NA,NA,1,1,"Bodegraven"
"1704","Alphen",NA,NA,1,1,"Bodegraven"
"1705","Ammerstol",NA,NA,1,1,"Bodegraven"
"1706","Barwoutswaarder",NA,NA,1,1,"Bodegraven"
"1707","Bergambacht",NA,NA,1,1,"Bodegraven"
"1708","Berkenwoude",NA,NA,1,1,"Bodegraven"
"1709","Bodegraven",NA,NA,1,1,"Bodegraven"
"1710","Haastrecht",NA,NA,1,1,"Bodegraven"
"1711","Hazerswoude",NA,NA,1,1,"Bodegraven"
"1712","Hekendorp",NA,NA,1,1,"Bodegraven"
"1713","Lange Ruige Weide",NA,NA,1,1,"Bodegraven"
"1714","Oudewater",NA,NA,1,1,"Bodegraven"
"1715","Papekop",NA,NA,1,1,"Bodegraven"
"1716","Reeuwijk",NA,NA,1,1,"Bodegraven"
"1717","Rietveld",NA,NA,1,1,"Bodegraven"
"1718","Schoonhoven",NA,NA,1,1,"Bodegraven"
"1719","Stolwijk",NA,NA,1,1,"Bodegraven"
"1720","Vlist",NA,NA,1,1,"Bodegraven"
"1721","Waarder",NA,NA,1,1,"Bodegraven"
"1722","Woerden",NA,NA,1,1,"Bodegraven"
"1723","Zwammerdam",NA,NA,1,1,"Bodegraven"
"1724","'s Gravenzande",NA,NA,1,1,"Loosduinen"
"1725","Benthuizen",NA,NA,1,1,"Loosduinen"
"1726","Lier (De)",NA,NA,1,1,"Loosduinen"
"1727","Loosduinen",NA,NA,1,1,"Loosduinen"
"1728","Maasland",NA,NA,1,1,"Loosduinen"
"1729","Maassluis",NA,NA,1,1,"Loosduinen"
"1730","Monster",NA,NA,1,1,"Loosduinen"
"1731","Naaldwijk",NA,NA,1,1,"Loosduinen"
"1732","Nootdorp",NA,NA,1,1,"Loosduinen"
"1733","Rijswijk",NA,NA,1,1,"Loosduinen"
"1734","Schipluiden",NA,NA,1,1,"Loosduinen"
"1735","Stompwijk",NA,NA,1,1,"Loosduinen"
"1736","Voorburg",NA,NA,1,1,"Loosduinen"
"1737","Wateringen",NA,NA,1,1,"Loosduinen"
"1738","Zegwaard",NA,NA,1,1,"Loosduinen"
"1739","Zoetermeer",NA,NA,1,1,"Loosduinen"
"1740","Alblas (Oud-)",NA,NA,1,1,"Sliedrecht"
"1741","Alblasserdam",NA,NA,1,1,"Sliedrecht"
"1742","Ameide",NA,NA,1,1,"Sliedrecht"
"1743","Bleskensgraaf",NA,NA,1,1,"Sliedrecht"
"1744","Brandwijk",NA,NA,1,1,"Sliedrecht"
"1745","Everdingen",NA,NA,1,1,"Sliedrecht"
"1746","Goudriaan",NA,NA,1,1,"Sliedrecht"
"1747","Groot-Ammers",NA,NA,1,1,"Sliedrecht"
"1748","Hagestein",NA,NA,1,1,"Sliedrecht"
"1749","Hei- en Boeicop",NA,NA,1,1,"Sliedrecht"
"1750","Langerak",NA,NA,1,1,"Sliedrecht"
"1751","Leerbroek",NA,NA,1,1,"Sliedrecht"
"1752","Leerdam",NA,NA,1,1,"Sliedrecht"
"1753","Lekkerland (Nieuw-)",NA,NA,1,1,"Sliedrecht"
"1754","Lexmond",NA,NA,1,1,"Sliedrecht"
"1755","Meerkerk",NA,NA,1,1,"Sliedrecht"
"1756","Nieuwpoort",NA,NA,1,1,"Sliedrecht"
"1757","Ottoland",NA,NA,1,1,"Sliedrecht"
"1758","Peursum",NA,NA,1,1,"Sliedrecht"
"1759","Schoonrewoerd",NA,NA,1,1,"Sliedrecht"
"1760","Sliedrecht",NA,NA,1,1,"Sliedrecht"
"1761","Streefkerk",NA,NA,1,1,"Sliedrecht"
"1762","Tienhoven",NA,NA,1,1,"Sliedrecht"
"1763","Vianen",NA,NA,1,1,"Sliedrecht"
"1764","Wijngaarden",NA,NA,1,1,"Sliedrecht"
"1765","Aardenburg",NA,NA,1,1,"Oostburg"
"1766","Axel",NA,NA,1,1,"Oostburg"
"1767","Biervliet",NA,NA,1,1,"Oostburg"
"1768","Breskens",NA,NA,1,1,"Oostburg"
"1769","Cadzand",NA,NA,1,1,"Oostburg"
"1770","Eede",NA,NA,1,1,"Oostburg"
"1771","Groede",NA,NA,1,1,"Oostburg"
"1772","Hoek",NA,NA,1,1,"Oostburg"
"1773","Hoofdplaat",NA,NA,1,1,"Oostburg"
"1774","Kruis (St.)",NA,NA,1,1,"Oostburg"
"1775","Neuzen",NA,NA,1,1,"Oostburg"
"1776","Nieuwvliet",NA,NA,1,1,"Oostburg"
"1777","Oostburg",NA,NA,1,1,"Oostburg"
"1778","Philippine",NA,NA,1,1,"Oostburg"
"1779","Retranchement",NA,NA,1,1,"Oostburg"
"1780","Sas van Gent",NA,NA,1,1,"Oostburg"
"1781","Schoondijke",NA,NA,1,1,"Oostburg"
"1782","Sluis",NA,NA,1,1,"Oostburg"
"1783","Waterlandkerkje",NA,NA,1,1,"Oostburg"
"1784","Westdorpe",NA,NA,1,1,"Oostburg"
"1785","Yzendijke",NA,NA,1,1,"Oostburg"
"1786","Zaamslag",NA,NA,1,1,"Oostburg"
"1787","Zuidzande",NA,NA,1,1,"Oostburg"
"1788","'s Heerenhoek",NA,NA,1,1,"Hontenisse"
"1789","Baarland",NA,NA,1,1,"Hontenisse"
"1790","Borsselen",NA,NA,1,1,"Hontenisse"
"1791","Boschkapelle",NA,NA,1,1,"Hontenisse"
"1792","Clinge",NA,NA,1,1,"Hontenisse"
"1793","Driewegen",NA,NA,1,1,"Hontenisse"
"1794","Ellewoutsdijk",NA,NA,1,1,"Hontenisse"
"1795","Graauw",NA,NA,1,1,"Hontenisse"
"1796","Hengstdijk",NA,NA,1,1,"Hontenisse"
"1797","Hoedekenskerke",NA,NA,1,1,"Hontenisse"
"1798","Hontenisse",NA,NA,1,1,"Hontenisse"
"1799","Hulst",NA,NA,1,1,"Hontenisse"
"1800","Jansteen (St.)",NA,NA,1,1,"Hontenisse"
"1801","Kapelle",NA,NA,1,1,"Hontenisse"
"1802","Koewacht",NA,NA,1,1,"Hontenisse"
"1803","Krabbendijke",NA,NA,1,1,"Hontenisse"
"1804","Kruiningen",NA,NA,1,1,"Hontenisse"
"1805","Nisse",NA,NA,1,1,"Hontenisse"
"1806","Ossenisse",NA,NA,1,1,"Hontenisse"
"1807","Oudelande",NA,NA,1,1,"Hontenisse"
"1808","Overslag",NA,NA,1,1,"Hontenisse"
"1809","Ovezande",NA,NA,1,1,"Hontenisse"
"1810","Rilland-Bath",NA,NA,1,1,"Hontenisse"
"1811","Schore",NA,NA,1,1,"Hontenisse"
"1812","Stoppeldijk",NA,NA,1,1,"Hontenisse"
"1813","Waarde",NA,NA,1,1,"Hontenisse"
"1814","Yerseke",NA,NA,1,1,"Hontenisse"
"1815","Zuiddorpe",NA,NA,1,1,"Hontenisse"
"1816","'s-Gravenmoer",NA,NA,1,1,"Oosterhout"
"1817","Baarle-Nassau",NA,NA,1,1,"Oosterhout"
"1818","Chaam",NA,NA,1,1,"Oosterhout"
"1819","Dongen",NA,NA,1,1,"Oosterhout"
"1820","Gilze",NA,NA,1,1,"Oosterhout"
"1821","Ginneken",NA,NA,1,1,"Oosterhout"
"1822","Loon op Zand",NA,NA,1,1,"Oosterhout"
"1823","Oosterhout",NA,NA,1,1,"Oosterhout"
"1824","Rijsbergen",NA,NA,1,1,"Oosterhout"
"1825","Teteringen",NA,NA,1,1,"Oosterhout"
"1826","Zundert",NA,NA,1,1,"Oosterhout"
"1827","Almkerk",NA,NA,1,1,"Waalwijk"
"1828","Baardwijk",NA,NA,1,1,"Waalwijk"
"1829","Berkel",NA,NA,1,1,"Waalwijk"
"1830","Besoijen",NA,NA,1,1,"Waalwijk"
"1831","Bokhoven",NA,NA,1,1,"Waalwijk"
"1832","Capelle",NA,NA,1,1,"Waalwijk"
"1833","Cromvoirt",NA,NA,1,1,"Waalwijk"
"1834","Drongelen",NA,NA,1,1,"Waalwijk"
"1835","Drunen",NA,NA,1,1,"Waalwijk"
"1836","Dussen",NA,NA,1,1,"Waalwijk"
"1837","Empel",NA,NA,1,1,"Waalwijk"
"1838","Engelen",NA,NA,1,1,"Waalwijk"
"1839","Haaren",NA,NA,1,1,"Waalwijk"
"1840","Hedikhuizen",NA,NA,1,1,"Waalwijk"
"1841","Heesbeen",NA,NA,1,1,"Waalwijk"
"1842","Helvoirt",NA,NA,1,1,"Waalwijk"
"1843","Herpt",NA,NA,1,1,"Waalwijk"
"1844","Heusden",NA,NA,1,1,"Waalwijk"
"1845","Meeuwen",NA,NA,1,1,"Waalwijk"
"1846","Nieuwkuijk",NA,NA,1,1,"Waalwijk"
"1847","Oudheusden",NA,NA,1,1,"Waalwijk"
"1848","Sprang",NA,NA,1,1,"Waalwijk"
"1849","Udenhout",NA,NA,1,1,"Waalwijk"
"1850","Vlijmen",NA,NA,1,1,"Waalwijk"
"1851","Vrijhoeve-Capelle",NA,NA,1,1,"Waalwijk"
"1852","Waalwijk",NA,NA,1,1,"Waalwijk"
"1853","Waspik",NA,NA,1,1,"Waalwijk"
"1854","Bemelen",NA,NA,1,1,"Gulpen"
"1855","Berg en Terblijt",NA,NA,1,1,"Gulpen"
"1856","Bocholtz",NA,NA,1,1,"Gulpen"
"1857","Cadier en Keer",NA,NA,1,1,"Gulpen"
"1858","Geertruid (St.)",NA,NA,1,1,"Gulpen"
"1859","Gulpen",NA,NA,1,1,"Gulpen"
"1860","Heerlen",NA,NA,1,1,"Gulpen"
"1861","Houthem",NA,NA,1,1,"Gulpen"
"1862","Kerkrade",NA,NA,1,1,"Gulpen"
"1863","Klimmen",NA,NA,1,1,"Gulpen"
"1864","Margraten",NA,NA,1,1,"Gulpen"
"1865","Mesch",NA,NA,1,1,"Gulpen"
"1866","Mheer",NA,NA,1,1,"Gulpen"
"1867","Noorbeek",NA,NA,1,1,"Gulpen"
"1868","Oud-Valkenburg",NA,NA,1,1,"Gulpen"
"1869","Rijckholt",NA,NA,1,1,"Gulpen"
"1870","Schaesberg",NA,NA,1,1,"Gulpen"
"1871","Schin op Geulle",NA,NA,1,1,"Gulpen"
"1872","Simpelveld",NA,NA,1,1,"Gulpen"
"1873","Slenaken",NA,NA,1,1,"Gulpen"
"1874","Vaals",NA,NA,1,1,"Gulpen"
"1875","Valkenburg",NA,NA,1,1,"Gulpen"
"1876","Voerendaal",NA,NA,1,1,"Gulpen"
"1877","Wijlre",NA,NA,1,1,"Gulpen"
"1878","Wittem",NA,NA,1,1,"Gulpen"
"1879","Baexem",NA,NA,1,1,"Weert"
"1880","Buggenum",NA,NA,1,1,"Weert"
"1881","Grathem",NA,NA,1,1,"Weert"
"1882","Haelen",NA,NA,1,1,"Weert"
"1883","Heijthuizen",NA,NA,1,1,"Weert"
"1884","Helden",NA,NA,1,1,"Weert"
"1885","Horst",NA,NA,1,1,"Weert"
"1886","Hunsel",NA,NA,1,1,"Weert"
"1887","Ittervoort",NA,NA,1,1,"Weert"
"1888","Kessel",NA,NA,1,1,"Weert"
"1889","Maasbree",NA,NA,1,1,"Weert"
"1890","Meijel",NA,NA,1,1,"Weert"
"1891","Nederweert",NA,NA,1,1,"Weert"
"1892","Neer",NA,NA,1,1,"Weert"
"1893","Neeritter",NA,NA,1,1,"Weert"
"1894","Nunhem",NA,NA,1,1,"Weert"
"1895","Roggel",NA,NA,1,1,"Weert"
"1896","Sevenum",NA,NA,1,1,"Weert"
"1897","Stramproij",NA,NA,1,1,"Weert"
"1898","Weert",NA,NA,1,1,"Weert"
"1899","Beek en Donk",NA,NA,1,1,"Veghel"
"1900","Boekel",NA,NA,1,1,"Veghel"
"1901","Dinther",NA,NA,1,1,"Veghel"
"1902","Erp",NA,NA,1,1,"Veghel"
"1903","Gemert",NA,NA,1,1,"Veghel"
"1904","Heeswijk",NA,NA,1,1,"Veghel"
"1905","Lieshout",NA,NA,1,1,"Veghel"
"1906","Michielsgestel (St.)",NA,NA,1,1,"Veghel"
"1907","Oedenrode (St.)",NA,NA,1,1,"Veghel"
"1908","Schijndel",NA,NA,1,1,"Veghel"
"1909","Son",NA,NA,1,1,"Veghel"
"1910","Uden",NA,NA,1,1,"Veghel"
"1911","Veghel",NA,NA,1,1,"Veghel"
"1912","Zeeland",NA,NA,1,1,"Veghel"
"1913","'s-Gravenzande",1,NA,NA,NA,"Den Haag I"
"1914","Loosduinen",1,NA,NA,NA,"Den Haag I"
"1915","Monster",1,NA,NA,NA,"Den Haag I"
"1916","Wijk A-K, S nrs.167 en verder",1,NA,NA,NA,"Den Haag I"
"1917","Rijswijk",1,NA,NA,NA,"Den Haag II"
"1918","Voorburg",1,NA,NA,NA,"Den Haag II"
"1919","Wassenaar",1,NA,NA,NA,"Den Haag II"
"1920","Wijk L-R, S nrs. 1-66, T-W",1,NA,NA,NA,"Den Haag II"
"1921","Bedum",NA,NA,NA,1,"Hoogezand"
"1922","Haren",NA,NA,NA,1,"Hoogezand"
"1923","Hoogezand",NA,NA,NA,1,"Hoogezand"
"1924","Noorddijk",NA,NA,NA,1,"Hoogezand"
"1925","Slochteren",NA,NA,NA,1,"Hoogezand"
"1926","Ten Boer",NA,NA,NA,1,"Hoogezand"
"1927","Achtkarspelen",NA,NA,NA,1,"Tietjerksteradeel"
"1928","Kollumerland",NA,NA,NA,1,"Tietjerksteradeel"
"1929","Smallingerland",NA,NA,NA,1,"Tietjerksteradeel"
"1930","Tietjerksteradeel",NA,NA,NA,1,"Tietjerksteradeel"
"1931","Diever",NA,NA,NA,1,"Weststellingwerf"
"1932","Havelte",NA,NA,NA,1,"Weststellingwerf"
"1933","Lemsterland",NA,NA,NA,1,"Weststellingwerf"
"1934","Ooststellingwerf",NA,NA,NA,1,"Weststellingwerf"
"1935","Smilde",NA,NA,NA,1,"Weststellingwerf"
"1936","Vledder",NA,NA,NA,1,"Weststellingwerf"
"1937","Weststellingwerf",NA,NA,NA,1,"Weststellingwerf"
