"","Regio","sub_election","Type","RegioCode","RegioUitslag","Kandidaat","AantalStemmen","main_election","Electoraat","Geldig","no_of_candidates","number","voteshare","politician","seats"
"17083","Rotterdam II",1917-12-21,"herstemming","KD47","","J. Schouten",4669,1917-06-15,17453,9513,2,2,"0.490802060338484","0",1
"16094","Amsterdam II",1917-06-22,"herstemming","KD29","","Z. Kamerling",898,1917-06-15,5731,2190,2,2,"0.410045662100457","0",1
"13037","Den Helder",1917-05-22,"herstemming","KD94","","C. Thomassen",2748,1913-06-17,9953,6089,2,2,"0.451305633108885","0",1
"11421","Winschoten",1916-06-17,"tussentijds","KD4","","K. Stenhuis",2776,1913-06-17,8858,6160,2,2,"0.450649350649351","0",1
"15800","Weert",1916-05-04,"herstemming","KD105","","W.F.W. Kolkman",2935,1913-06-17,8267,5904,2,2,"0.497120596205962","0",1
"17158","Rotterdam III",1914-01-14,"herstemming","KD116","","H. Stulemeijer",1784,1913-06-17,5734,4177,2,2,"0.427100790040699","0",1
"17150","Rotterdam III",1914-01-07,"tussentijds","KD116","","H. Stulemeijer",1532,1913-06-17,5734,3814,3,2,"0.401678028316728","0",NA
"16224","Amsterdam III",1913-11-11,"herstemming","KD30","","J. Oudegeest",6082,1913-06-17,16516,12797,2,2,"0.475267640853325","0",1
"16220","Amsterdam III",1913-11-04,"tussentijds","KD30","","J. Oudegeest",4604,1913-06-17,16516,10044,4,1,"0.458383114297093","0",NA
"16862","Hoogezand",1913-08-04,"tussentijds","KD107","","T. van der Waerden",2445,1913-06-17,7594,5008,2,2,"0.488218849840256","0",1
"16621","Amsterdam VI",1913-07-29,"herstemming","KD112","","H. Verkouteren",1517,1913-06-17,6048,3792,2,2,"0.400052742616034","0",1
"17717","Weststellingwerf",1913-06-25,"herstemming","KD109","","P. Kohnstamm",2497,1913-06-17,7878,5483,2,2,"0.455407623563742","0",1
"17531","Utrecht I",1913-06-25,"herstemming","KD110","","W.C. baron van Roëll",3745,1913-06-17,9767,8883,2,2,"0.421591804570528","0",1
"17061","Rotterdam II",1913-06-25,"herstemming","KD47","","W.B. van Staveren",5322,1913-06-17,13625,11451,2,2,"0.464762902803249","0",1
"15646","Veendam",1913-06-25,"herstemming","KD78","","H. Snijders",2624,1913-06-17,9054,6096,2,2,"0.430446194225722","0",1
"15140","Kampen",1913-06-25,"herstemming","KD13","","J.C. de Gast",3724,1913-06-17,8093,7601,2,2,"0.489935534798053","0",1
"14582","Apeldoorn",1913-06-25,"herstemming","KD91","","J. Esmeijer",5007,1913-06-17,10830,10102,2,2,"0.495644426846169","0",1
"13024","Den Helder",1913-06-25,"herstemming","KD94","","C. Thomassen",2509,1913-06-17,9031,5995,2,2,"0.418515429524604","0",1
"11414","Winschoten",1913-06-25,"herstemming","KD4","","L.M. Hermans",2537,1913-06-17,8016,5709,2,2,"0.44438605710282","0",1
"11121","Zuidhorn",1913-06-25,"herstemming","KD69","","A. Zijlstra",3444,1913-06-17,9324,8227,2,2,"0.418621611766136","0",1
"10700","Haarlem",1913-06-25,"herstemming","KD33","","D.E. van Lennep",4253,1913-06-17,10974,10041,2,2,"0.423563390100588","0",1
"6875","Leiden",1913-06-25,"herstemming","KD38","","P.E. Briët",3447,1913-06-17,7460,6986,2,2,"0.493415402233037","0",1
"5566","Gouda",1913-06-25,"herstemming","KD40","","J.A. de Wilde",4374,1913-06-17,10711,9785,2,2,"0.447010730710271","0",1
"5163","Gorinchem",1913-06-25,"herstemming","KD41","","P.E. Briët",3987,1913-06-17,8944,8248,2,2,"0.483389912706111","0",1
"4327","Dordrecht",1913-06-25,"herstemming","KD42","","H.C. Hogerzeil",3744,1913-06-17,9867,8378,2,2,"0.44688469801862","0",1
"2255","Appingedam",1913-06-25,"herstemming","KD3","","A. Zijlstra",3124,1913-06-17,9238,7619,2,2,"0.410027562672267","0",1
"17524","Utrecht I",1913-06-17,"algemeen","KD110","","W.C. baron van Roëll",3688,1913-06-17,9767,8805,3,1,"0.41885292447473","0",NA
"14246","Enkhuizen",1913-06-17,"algemeen","KD93","","F.C.J. Netscher",4701,1913-06-17,10937,10655,3,2,"0.441201313937119","0",1
"14045","Wijk bij Duurstede",1913-06-17,"algemeen","KD89","","J.B.L.C.C. baron van Wijkerslooth de Weerdestei",4698,1913-06-17,9630,8754,4,1,"0.536668951336532","0",1
"13798","Oostburg",1913-06-17,"algemeen","KD100","","P. Dieleman",3519,1913-06-17,9328,8456,3,2,"0.416154210028382","0",1
"11406","Winschoten",1913-06-17,"algemeen","KD4","","L.M. Hermans",2303,1913-06-17,8016,5708,3,2,"0.403468815697267","0",NA
"11113","Zuidhorn",1913-06-17,"algemeen","KD69","","A. Zijlstra",3627,1913-06-17,9324,8428,3,2,"0.430351210251542","0",NA
"8906","Steenwijk",1913-06-17,"algemeen","KD70","","E. van Ketwich Verschuur",3196,1913-06-17,7976,7268,3,2,"0.439735828288387","0",1
"6866","Leiden",1913-06-17,"algemeen","KD38","","P.E. Briët",3234,1913-06-17,7460,6711,5,1,"0.481895395619133","0",NA
"5560","Gouda",1913-06-17,"algemeen","KD40","","J.A. de Wilde",3841,1913-06-17,10711,9539,5,2,"0.40266275290911","0",NA
"5155","Gorinchem",1913-06-17,"algemeen","KD41","","P.E. Briët",3683,1913-06-17,8944,7901,3,2,"0.466143526135932","0",NA
"4851","Goes",1913-06-17,"algemeen","KD53","","J.G. Moojen",3206,1913-06-17,8435,7452,3,2,"0.430220075147611","0",1
"4320","Dordrecht",1913-06-17,"algemeen","KD42","","H.C. Hogerzeil",3506,1913-06-17,9867,8311,3,1,"0.421850559499459","0",NA
"14483","Ommen",1912-11-27,"tussentijds","KD85","","H. van der Vegte",3541,1909-06-11,8667,7722,2,2,"0.458559958559959","0",1
"14477","Ommen",1912-10-28,"herstemming","KD85","","H. van der Vegte",3440,1909-06-11,8667,7856,2,2,"0.437881873727088","0",1
"14462","Ommen",1912-10-21,"tussentijds","KD85","","H. van der Vegte",3440,1909-06-11,8667,7040,4,1,"0.488636363636364","0",NA
"17363","Rotterdam V",1910-11-03,"herstemming","KD118","","H.C. Vegtel",2464,1909-06-11,7831,5216,2,2,"0.47239263803681","0",1
"17357","Rotterdam V",1910-10-24,"tussentijds","KD118","","H.C. Vegtel",2029,1909-06-11,7831,4733,4,1,"0.428692161419818","0",NA
"15055","Helmond",1910-07-12,"tussentijds","KD59","","I.A. Swane",2265,1909-06-11,6939,5483,2,2,"0.413095020973919","0",1
"14032","Wijk bij Duurstede",1909-12-30,"tussentijds","KD89","","J.B.L.C.C. baron van Wijkerslooth de Weerdestei",3683,1909-06-11,8277,6688,2,1,"0.550687799043062","0",1
"12889","Breukelen",1909-10-05,"herstemming","KD92","","J.B.L.C.C. baron van Wijkerslooth de Weerdestei",3161,1909-06-11,7764,6675,2,2,"0.473558052434457","0",1
"12883","Breukelen",1909-09-22,"tussentijds","KD92","","J.B.L.C.C. baron van Wijkerslooth de Weerdestei",2621,1909-06-11,7764,6416,4,1,"0.408509975062344","0",NA
"13923","Schoterland",1909-08-03,"tussentijds","KD81","","J.A. Bergmeyer",2219,1909-06-11,6707,4686,2,2,"0.473538198890312","0",1
"17705","Weststellingwerf",1909-06-23,"herstemming","KD109","","H.C. Hogerzeil",2329,1909-06-11,6849,5226,2,2,"0.445656333716035","0",1
"17513","Utrecht I",1909-06-23,"herstemming","KD110","","H.J.H. baron van Boetzelaer",3564,1909-06-11,8578,7342,2,2,"0.485426314355761","0",1
"17041","Rotterdam II",1909-06-23,"herstemming","KD47","","W.B. van Staveren",4438,1909-06-11,10761,8946,2,2,"0.496087636932707","0",1
"16601","Amsterdam VI",1909-06-23,"herstemming","KD112","","H. Verkouteren",2188,1909-06-11,5857,4564,2,2,"0.479404031551271","0",1
"16414","Amsterdam IX",1909-06-23,"herstemming","KD115","","T. de Vries",6250,1909-06-11,18434,13792,2,2,"0.453161252900232","0",1
"16046","Amsterdam II",1909-06-23,"herstemming","KD29","","J. Oudegeest",1554,1909-06-11,4404,3309,2,2,"0.469628286491387","0",1
"15888","Zaandam",1909-06-23,"herstemming","KD37","","H.J.C. van Tienen",4013,1909-06-11,10269,8171,2,2,"0.491127157018725","0",1
"14363","Lochem",1909-06-23,"herstemming","KD86","","A. baron van Heeckeren van Kell",3551,1909-06-11,9406,7570,2,2,"0.469088507265522","0",1
"13912","Schoterland",1909-06-23,"herstemming","KD81","","J.A. Bergmeyer",2125,1909-06-11,6707,4690,2,2,"0.453091684434968","0",1
"13377","Franeker",1909-06-23,"herstemming","KD11","","C.E. van Koetsveld",3350,1909-06-11,8043,7023,2,2,"0.477004129289477","0",1
"11793","Brielle",1909-06-23,"herstemming","KD50","","H.C. Vegtel",2927,1909-06-11,7687,6549,2,2,"0.446938463887616","0",1
"11103","Zuidhorn",1909-06-23,"herstemming","KD69","","G. Hofstede",3603,1909-06-11,8647,7757,2,2,"0.464483692149027","0",1
"10687","Haarlem",1909-06-23,"herstemming","KD33","","J.H. Thiel",4283,1909-06-11,9807,8622,2,2,"0.49675249362097","0",1
"9713","Zutphen",1909-06-23,"herstemming","KD19","","A. baron van Heeckeren van Kell",3734,1909-06-11,8550,7874,2,2,"0.474218948437897","0",1
"2582","Arnhem",1909-06-23,"herstemming","KD17","","H.C. Hogerzeil",3183,1909-06-11,8069,6821,2,2,"0.466647119190734","0",1
"2233","Appingedam",1909-06-23,"herstemming","KD3","","A. Zijlstra",3066,1909-06-11,8531,6848,2,2,"0.447721962616822","0",1
"17508","Utrecht I",1909-06-11,"algemeen","KD110","","H.J.H. baron van Boetzelaer",3341,1909-06-11,8578,7083,4,1,"0.471692785542849","0",NA
"17032","Rotterdam II",1909-06-11,"algemeen","KD47","","W.B. van Staveren",4029,1909-06-11,10761,8434,3,1,"0.477709271994309","0",NA
"16595","Amsterdam VI",1909-06-11,"algemeen","KD112","","H. Verkouteren",2077,1909-06-11,5857,4246,3,1,"0.489166274140367","0",NA
"14458","Ommen",1909-06-11,"algemeen","KD85","","H.W. Teesselink",3109,1909-06-11,9026,7250,2,2,"0.428827586206897","0",1
"14357","Lochem",1909-06-11,"algemeen","KD86","","A. baron van Heeckeren van Kell",3189,1909-06-11,9406,7951,3,1,"0.401081624952836","0",NA
"14141","Meppel",1909-06-11,"algemeen","KD84","","B. Berends",2323,1909-06-11,7343,5779,3,2,"0.401972659629694","0",1
"13790","Oostburg",1909-06-11,"algemeen","KD100","","P. Dieleman",3274,1909-06-11,8488,7175,3,2,"0.456306620209059","0",1
"13370","Franeker",1909-06-11,"algemeen","KD11","","C.E. van Koetsveld",2974,1909-06-11,8043,6868,3,1,"0.433022714036109","0",NA
"12289","Ede",1909-06-11,"algemeen","KD90","","J.W. Rudolph",2522,1909-06-11,7688,5830,4,2,"0.432590051457976","0",NA
"11790","Brielle",1909-06-11,"algemeen","KD50","","H.C. Vegtel",2632,1909-06-11,7687,6171,3,2,"0.426511100307892","0",NA
"11097","Zuidhorn",1909-06-11,"algemeen","KD69","","G. Hofstede",3617,1909-06-11,8647,7777,3,1,"0.465089366079465","0",NA
"10876","Zierikzee",1909-06-11,"algemeen","KD52","","H.C. Vegtel",3402,1909-06-11,8284,7624,3,2,"0.446222455403987","0",1
"9704","Zutphen",1909-06-11,"algemeen","KD19","","A. baron van Heeckeren van Kell",3572,1909-06-11,8550,7573,3,1,"0.471675689951142","0",NA
"8903","Steenwijk",1909-06-11,"algemeen","KD70","","J. van Gilse",2949,1909-06-11,7550,6775,2,2,"0.435276752767528","0",1
"2573","Arnhem",1909-06-11,"algemeen","KD17","","H.C. Hogerzeil",2917,1909-06-11,8069,6449,3,1,"0.452318188866491","0",NA
"12447","Schiedam",1907-10-22,"herstemming","KD48","","H.J. Versteeg",3211,1905-06-16,8083,6878,2,2,"0.466850828729282","0",1
"16924","Rotterdam I",1905-09-14,"herstemming","KD46","","D.P.D. Fabius",2885,1905-06-16,7357,5883,2,2,"0.490396056433792","0",1
"16919","Rotterdam I",1905-09-07,"tussentijds","KD46","","D.P.D. Fabius",2331,1905-06-16,7357,5750,3,1,"0.405391304347826","0",NA
"9700","Zutphen",1905-08-08,"herstemming","KD19","","R.P.J. Tutein Nolthenius",2963,1905-06-16,8175,6801,2,2,"0.435671224819879","0",1
"9689","Zutphen",1905-08-01,"tussentijds","KD19","","R.P.J. Tutein Nolthenius",2835,1905-06-16,8175,6795,3,2,"0.417218543046358","0",NA
"17501","Utrecht I",1905-06-28,"herstemming","KD110","","G.C. von Weiler",3001,1905-06-16,8000,7138,2,2,"0.420425889604931","0",1
"17224","Rotterdam IV",1905-06-28,"herstemming","KD117","","J.M. Voorhoeve 2",3057,1905-06-16,7223,6479,2,2,"0.471832072850749","0",1
"16912","Rotterdam I",1905-06-28,"herstemming","KD46","","J.W. Rudolph",3056,1905-06-16,7357,6652,2,2,"0.459410703547805","0",1
"15474","Sliedrecht",1905-06-28,"herstemming","KD99","","H. Smissaert",3092,1905-06-16,7135,6362,2,2,"0.486010688462748","0",1
"14233","Enkhuizen",1905-06-28,"herstemming","KD93","","N. Sluis",4714,1905-06-16,9717,9531,2,2,"0.494596579582415","0",1
"11086","Zuidhorn",1905-06-28,"herstemming","KD69","","D.G. Postma",3323,1905-06-16,7880,7273,2,2,"0.456895366423759","0",1
"8694","Sneek",1905-06-28,"herstemming","KD10","","C.J. Niemeijer",2774,1905-06-16,7183,6407,2,2,"0.432963945684408","0",1
"6839","Leiden",1905-06-28,"herstemming","KD38","","T.G. den Houter",2707,1905-06-16,6075,5617,2,2,"0.481929855794908","0",1
"6456","Leeuwarden",1905-06-28,"herstemming","KD7","","F.M. Wibaut",2933,1905-06-16,7553,6462,2,2,"0.453884246363355","0",1
"2219","Appingedam",1905-06-28,"herstemming","KD3","","G.J. Sybrandy",2818,1905-06-16,8305,6905,2,2,"0.408110065170167","0",1
"17222","Rotterdam IV",1905-06-16,"algemeen","KD117","","J.M. Voorhoeve 2",2858,1905-06-16,7223,6201,4,1,"0.460893404289631","0",NA
"17116","Rotterdam III",1905-06-16,"algemeen","KD116","","K.A. Warmenhoven jr.",1553,1905-06-16,4600,3850,3,2,"0.403376623376623","0",1
"16904","Rotterdam I",1905-06-16,"algemeen","KD46","","J.W. Rudolph",2782,1905-06-16,7357,6375,3,1,"0.436392156862745","0",NA
"16585","Amsterdam VI",1905-06-16,"algemeen","KD112","","C. Roëll",1840,1905-06-16,5505,4391,3,2,"0.4190389432931","0",1
"14445","Ommen",1905-06-16,"algemeen","KD85","","W.J.M. Engelberts",3078,1905-06-16,8078,7189,2,2,"0.428154124356656","0",1
"14223","Enkhuizen",1905-06-16,"algemeen","KD93","","N. Sluis",4582,1905-06-16,9717,9319,4,1,"0.491683657044747","0",NA
"14135","Meppel",1905-06-16,"algemeen","KD84","","J. Knoppers",2495,1905-06-16,6932,6130,3,2,"0.407014681892333","0",1
"11776","Brielle",1905-06-16,"algemeen","KD50","","Æ. baron van Mackay Thzn.",2678,1905-06-16,7467,6632,3,2,"0.403799758745476","0",1
"11082","Zuidhorn",1905-06-16,"algemeen","KD69","","D.G. Postma",3197,1905-06-16,7880,7047,3,1,"0.453668227614588","0",NA
"8893","Steenwijk",1905-06-16,"algemeen","KD70","","J.H. Tromp Meesters",3202,1905-06-16,7007,6433,2,2,"0.497745997201928","0",1
"7420","Middelburg",1905-06-16,"algemeen","KD51","","H. Snijders",3542,1905-06-16,9151,8245,3,2,"0.429593693147362","0",1
"6829","Leiden",1905-06-16,"algemeen","KD38","","T.G. den Houter",2446,1905-06-16,6075,5361,5,1,"0.456258160790897","0",NA
"5136","Gorinchem",1905-06-16,"algemeen","KD41","","L. van Andel",3401,1905-06-16,7594,6907,2,2,"0.49239901549153","0",1
"11770","Brielle",1905-02-03,"herstemming","KD50","","H.C. Vegtel",2440,1901-06-14,7467,5355,2,2,"0.455648926237162","0",1
"11767","Brielle",1905-01-26,"tussentijds","KD50","","H.C. Vegtel",2255,1901-06-14,7467,5061,3,2,"0.445564117763288","0",NA
"622","Alkmaar",1903-04-07,"herstemming","KD34","","G.J. Sybrandy",2995,1901-06-14,8414,6661,2,2,"0.449632187359255","0",1
"616","Alkmaar",1903-03-31,"tussentijds","KD34","","G.J. Sybrandy",2645,1901-06-14,8414,6592,4,1,"0.401243932038835","0",NA
"6823","Leiden",1902-12-02,"herstemming","KD38","","J. de Lange",2076,1901-06-14,4729,4163,2,2,"0.498678837376892","0",1
"6812","Leiden",1902-11-25,"tussentijds","KD38","","J. de Lange",1756,1901-06-14,4729,3825,5,1,"0.459084967320261","0",NA
"7133","Maastricht",1902-04-15,"herstemming","KD64","","E.E.E. Sassen",1785,1901-06-14,4995,3874,2,2,"0.460764068146618","0",1
"7123","Maastricht",1902-04-08,"tussentijds","KD64","","E.E.E. Sassen",1353,1901-06-14,4995,3017,4,1,"0.448458733841564","0",NA
"9132","Tilburg",1901-12-12,"herstemming","KD57","","A.L.J. van Waesberghe",2399,1901-06-14,5592,4875,2,2,"0.492102564102564","0",1
"9126","Tilburg",1901-12-03,"tussentijds","KD57","","A.L.J. van Waesberghe",2098,1901-06-14,5592,4368,4,1,"0.480311355311355","0",NA
"17212","Rotterdam IV",1901-06-27,"herstemming","KD117","","D.P.D. Fabius",1517,1901-06-14,4159,3327,2,2,"0.455966336038473","0",1
"16578","Amsterdam VI",1901-06-27,"herstemming","KD112","","H.W. van Marle",1556,1901-06-14,5148,3492,2,2,"0.445589919816724","0",1
"16478","Amsterdam V",1901-06-27,"herstemming","KD32","","J. Deen",2806,1901-06-14,7840,5745,2,2,"0.488424717145344","0",1
"16368","Amsterdam IX",1901-06-27,"herstemming","KD115","","H. Byleveld",2058,1901-06-14,7935,4928,2,2,"0.417613636363636","0",1
"13328","Franeker",1901-06-27,"herstemming","KD11","","J.P. Vergouwen",2332,1901-06-14,6226,5339,2,2,"0.436785914965349","0",1
"12864","Breukelen",1901-06-27,"herstemming","KD92","","F.J.A.M. Wierdels",2357,1901-06-14,6710,5468,2,2,"0.431053401609364","0",1
"11758","Brielle",1901-06-27,"herstemming","KD50","","H.C. Vegtel",2386,1901-06-14,5505,4832,2,2,"0.493791390728477","0",1
"11594","Haarlemmermeer",1901-06-27,"herstemming","KD76","","G.B.'t Hooft",3484,1901-06-14,8132,6982,2,2,"0.498997421942137","0",1
"11072","Zuidhorn",1901-06-27,"herstemming","KD69","","J.C. Wirtz",2403,1901-06-14,6421,5214,2,2,"0.460874568469505","0",1
"9667","Zutphen",1901-06-27,"herstemming","KD19","","R.P.J. Tutein Nolthenius",2481,1901-06-14,6368,5355,2,2,"0.463305322128852","0",1
"4277","Dordrecht",1901-06-27,"herstemming","KD42","","J.M. Rens",2415,1901-06-14,6161,4980,2,2,"0.484939759036145","0",1
"16571","Amsterdam VI",1901-06-14,"algemeen","KD112","","H.W. van Marle",1362,1901-06-14,5148,3326,4,2,"0.409500901984366","0",NA
"15096","Kampen",1901-06-14,"algemeen","KD13","","F.O. van der Dussen",1672,1901-06-14,5637,4076,2,2,"0.410206084396467","0",1
"14126","Meppel",1901-06-14,"algemeen","KD84","","H. Verkouteren",1785,1901-06-14,5417,4318,3,2,"0.413385826771654","0",1
"13322","Franeker",1901-06-14,"algemeen","KD11","","J.P. Vergouwen",2153,1901-06-14,6226,5348,3,1,"0.402580403889304","0",NA
"12979","Den Helder",1901-06-14,"algemeen","KD94","","C.S. Jaring",2138,1901-06-14,6816,5207,3,2,"0.410601113885155","0",1
"12643","Beverwijk",1901-06-14,"algemeen","KD95","","J. van Loenen Martinet",3814,1901-06-14,8381,7699,2,2,"0.495389011559943","0",1
"11752","Brielle",1901-06-14,"algemeen","KD50","","H.C. Vegtel",1936,1901-06-14,5505,4510,3,2,"0.429268292682927","0",NA
"11067","Zuidhorn",1901-06-14,"algemeen","KD69","","J.C. Wirtz",2157,1901-06-14,6421,4760,3,1,"0.453151260504202","0",NA
"10855","Zierikzee",1901-06-14,"algemeen","KD52","","J.A. de Bruijne",2462,1901-06-14,5919,5175,2,2,"0.475748792270531","0",1
"7109","Maastricht",1900-03-02,"tussentijds","KD64","","J.L.G.L.P. Haex",703,1897-06-15,4549,1659,2,2,"0.423749246534057","0",1
"3645","Deventer",1898-12-07,"herstemming","KD14","","J. van Loenen Martinet",1981,1897-06-15,6451,4870,2,2,"0.406776180698152","0",1
"14208","Enkhuizen",1897-10-26,"herstemming","KD93","","H. Raat 2",3060,1897-06-15,7766,6941,2,2,"0.440858665898286","0",1
"14743","Enschede",1897-08-24,"herstemming","KD16","","J.H. ter Veer",3877,1897-06-15,8778,8210,2,2,"0.472228989037759","0",1
"14736","Enschede",1897-08-17,"tussentijds","KD16","","J.H. ter Veer",3238,1897-06-15,8778,7935,5,1,"0.408065532451166","0",NA
"6420","Leeuwarden",1897-08-03,"herstemming","KD7","","W. Bax",1668,1897-06-15,5366,3609,2,2,"0.462177888611804","0",1
"17406","Tietjerksteradeel",1897-06-25,"herstemming","KD108","","J.D. de Vries",2432,1897-06-15,5968,5104,2,2,"0.476489028213166","0",1
"17175","Rotterdam IV",1897-06-25,"herstemming","KD117","","W.B. van Staveren",1355,1897-06-15,3839,3335,2,2,"0.406296851574213","0",1
"15998","Amsterdam II",1897-06-25,"herstemming","KD29","","F.G. Mellink Pzn.",765,1897-06-15,2250,1619,2,2,"0.472513897467573","0",1
"13317","Franeker",1897-06-25,"herstemming","KD11","","H. Kamstra",1961,1897-06-15,5651,4437,2,2,"0.441965291863872","0",1
"13098","Doetinchem",1897-06-25,"herstemming","KD21","","H.A. Pauwen",3808,1897-06-15,8470,7770,2,2,"0.49009009009009","0",1
"12749","Bodegraven",1897-06-25,"herstemming","KD97","","J.C. von Briel Sasse",2988,1897-06-15,6787,6022,2,2,"0.496180670873464","0",1
"11579","Haarlemmermeer",1897-06-25,"herstemming","KD76","","G.B.'t Hooft",3651,1897-06-15,7971,6810,2,1,"0.536123348017621","0",1
"10008","Zwolle",1897-06-25,"herstemming","KD12","","J. Hoven",2175,1897-06-15,6087,4726,2,2,"0.46022005924672","0",1
"8674","Sneek",1897-06-25,"herstemming","KD10","","J.A. van Gilse",2452,1897-06-15,6122,4903,2,1,"0.500101978380583","0",NA
"4263","Dordrecht",1897-06-25,"herstemming","KD42","","J.M. Rens",2166,1897-06-15,5012,4462,2,2,"0.485432541461228","0",1
"17391","Tietjerksteradeel",1897-06-15,"algemeen","KD108","","J.D. de Vries",1867,1897-06-15,5968,4250,4,1,"0.439294117647059","0",NA
"14870","Gulpen",1897-06-15,"algemeen","KD104","","L.H.W. Regout",1552,1897-06-15,5287,3574,3,2,"0.434247341913822","0",1
"14545","Apeldoorn",1897-06-15,"algemeen","KD91","","H.C. van der Houven van Oordt",2164,1897-06-15,6693,4859,3,2,"0.445359127392468","0",1
"12741","Bodegraven",1897-06-15,"algemeen","KD97","","J.C. von Briel Sasse",2470,1897-06-15,6787,5361,4,1,"0.460734937511658","0",NA
"4257","Dordrecht",1897-06-15,"algemeen","KD42","","J.M. Rens",1839,1897-06-15,5012,3905,3,1,"0.470934699103713","0",NA
"12842","Breukelen",1897-03-30,"tussentijds","KD92","","J.E. Huydecoper van Maarseveen en Nichteve",1355,1894-04-10,3860,2060,2,1,"0.657766990291262","0",1
"12949","Den Helder",1894-11-13,"herstemming","KD94","","J.J. Kraakman",1003,1894-04-10,3711,2257,2,2,"0.444395214887018","0",1
"13196","Elst",1894-06-26,"herstemming","KD22","","E.D. de Meester",1413,1894-04-10,3007,2848,2,2,"0.496137640449438","0",1
"8659","Sneek",1894-05-25,"herstemming","KD10","","J.A. van Gilse",1147,1894-04-10,3657,2427,2,2,"0.472599917593737","0",1
"15437","Sliedrecht",1894-04-24,"herstemming","KD99","","J.A. van Haaften",1250,1894-04-10,3438,2590,2,2,"0.482625482625483","0",1
"14705","Enschede",1894-04-24,"herstemming","KD16","","R.E. Hattink",924,1894-04-10,2212,1974,2,2,"0.468085106382979","0",1
"14533","Apeldoorn",1894-04-24,"herstemming","KD91","","G.W. Mollerus",971,1894-04-10,2958,2327,2,2,"0.417275461968199","0",1
"13183","Elst",1894-04-24,"herstemming","KD22","","E.D. de Meester",1361,1894-04-10,3044,2724,2,2,"0.499632892804699","0",NA
"12613","Beverwijk",1894-04-24,"herstemming","KD95","","J. van Loenen Martinet",1507,1894-04-10,3718,3018,2,2,"0.499337309476474","0",1
"12395","Schiedam",1894-04-24,"herstemming","KD48","","S.A. Maas",1042,1894-04-10,2608,2217,2,2,"0.47000451059991","0",1
"11564","Haarlemmermeer",1894-04-24,"herstemming","KD76","","G.B.'t Hooft",1505,1894-04-10,3741,2998,2,1,"0.502001334222815","0",1
"2512","Arnhem",1894-04-10,"algemeen","KD17","","J.F. Bijleveld",1051,1894-04-10,2786,2387,2,2,"0.440301633850021","0",1
"12600","Beverwijk",1893-07-04,"herstemming","KD95","","J. van Loenen Martinet",1277,1891-06-09,3718,2635,2,2,"0.484629981024668","0",1
"6381","Leeuwarden",1893-02-07,"herstemming","KD7","","J. Troelstra",1279,1891-06-09,3286,2611,2,2,"0.489850631941785","0",1
"6371","Leeuwarden",1893-01-24,"tussentijds","KD7","","J. Troelstra",896,1891-06-09,3286,2168,4,1,"0.413284132841328","0",NA
"7087","Maastricht",1892-07-12,"herstemming","KD64","","C. Schreinemacher",914,1891-06-09,2496,2081,2,2,"0.439211917347429","0",1
"15071","Kampen",1892-05-10,"tussentijds","KD13","","E. van Weede van Dijkveld",1003,1891-06-09,2643,2222,2,2,"0.451395139513951","0",1
"5435","Gouda",1891-11-24,"tussentijds","KD40","","P. van der Breggen",1070,1891-06-09,2985,2457,3,2,"0.435490435490435","0",1
"959","Almelo",1891-07-23,"tussentijds","KD15","","W.H. Dikkers",942,1891-06-09,2360,2175,2,2,"0.433103448275862","0",1
"14695","Enschede",1891-06-23,"herstemming","KD16","","J.H.A.M. Essink",1078,1891-06-09,2347,2216,2,2,"0.486462093862816","0",1
"14412","Ommen",1891-06-23,"herstemming","KD85","","E. van Weede van Dijkveld",976,1891-06-09,2419,2135,2,2,"0.457142857142857","0",1
"13535","Katwijk",1891-06-23,"herstemming","KD96","","A. op de Laak",1428,1891-06-09,4138,3370,2,2,"0.423738872403561","0",1
"12583","Beverwijk",1891-06-23,"herstemming","KD95","","W. Bos",1524,1891-06-09,3640,3257,2,2,"0.467915259441204","0",1
"11547","Haarlemmermeer",1891-06-23,"herstemming","KD76","","J.B. van Merlen",1391,1891-06-09,3718,3033,2,2,"0.458621826574349","0",1
"1262","Amersfoort",1891-06-23,"herstemming","KD26","","W.H.J. Rooijaards",902,1891-06-09,3059,2227,2,2,"0.405029187247418","0",1
"537","Alkmaar",1891-06-23,"herstemming","KD34","","A. Goede",1720,1891-06-09,4783,4199,2,2,"0.409621338413908","0",1
"15422","Sliedrecht",1891-06-09,"algemeen","KD99","","J. Lels",1127,1891-06-09,3384,2776,2,2,"0.405979827089337","0",1
"14405","Ommen",1891-06-09,"algemeen","KD85","","E. van Weede van Dijkveld",845,1891-06-09,2419,2050,3,1,"0.412195121951219","0",NA
"14100","Meppel",1891-06-09,"algemeen","KD84","","B. Berends",811,1891-06-09,2731,2014,2,2,"0.402681231380338","0",1
"5108","Gorinchem",1891-06-09,"algemeen","KD41","","W.F. Tak",1281,1891-06-09,3391,2953,2,2,"0.433796139519133","0",1
"4786","Goes",1891-06-09,"algemeen","KD53","","J.H.C. Heijse",1173,1891-06-09,4022,2892,3,2,"0.405601659751037","0",1
"948","Almelo",1891-06-09,"algemeen","KD15","","W.H. Dikkers",827,1891-06-09,2360,1957,3,2,"0.422585590189065","0",1
"4780","Goes",1890-03-18,"tussentijds","KD53","","J.H.C. Heijse",1153,1888-03-06,4051,2712,2,2,"0.425147492625369","0",1
"4228","Dordrecht",1889-03-26,"tussentijds","KD42","","J.G. van Schaardenburg",1202,1888-03-06,2864,2607,2,2,"0.461066359800537","0",1
"12368","Schiedam",1888-11-20,"tussentijds","KD48","","W. Six",1129,1888-03-06,2671,2398,2,2,"0.470809007506255","0",1
"14267","Lochem",1888-10-30,"tussentijds","KD86","","J.G. ridder van Rappard",1450,1888-03-06,3242,2910,2,2,"0.498281786941581","0",1
"7059","Maastricht",1888-05-15,"tussentijds","KD64","","E.F.H.J. de Beaumont",658,1888-03-06,2194,1594,3,2,"0.412797992471769","0",1
"5412","Gouda",1888-05-15,"tussentijds","KD40","","J. Fortuijn Droogleever",1095,1888-03-06,2915,2549,2,2,"0.429580227540212","0",1
"13519","Katwijk",1888-03-20,"herstemming","KD96","","J. Maschek",1463,1888-03-06,3861,3178,2,2,"0.460352422907489","0",1
"12487","Bergen op Zoom",1888-03-20,"herstemming","KD63","","W.H.B. Wilkens",1163,1888-03-06,2860,2466,2,2,"0.47161394971614","0",1
"12360","Schiedam",1888-03-20,"herstemming","KD48","","L.W. Jansen",1103,1888-03-06,2671,2431,2,2,"0.453722747840395","0",1
"11530","Haarlemmermeer",1888-03-20,"herstemming","KD76","","H.F. Bultman",1203,1888-03-06,3595,2962,2,2,"0.406144496961513","0",1
"11299","Winschoten",1888-03-20,"herstemming","KD4","","D.R. Mansholt",1129,1888-03-06,3022,2552,2,2,"0.442398119122257","0",1
"4222","Dordrecht",1888-03-20,"herstemming","KD42","","R. van der Borch van Verwolde",1286,1888-03-06,2864,2699,2,2,"0.476472767691738","0",1
"527","Alkmaar",1888-03-20,"herstemming","KD34","","C. Hartsen",1901,1888-03-06,4797,4371,2,2,"0.434911919469229","0",1
"15410","Sliedrecht",1888-03-06,"algemeen","KD99","","K. van Wijngaarden",1237,1888-03-06,3344,2850,2,2,"0.434035087719298","0",1
"15063","Kampen",1888-03-06,"algemeen","KD13","","T. Ruijs",938,1888-03-06,2605,2308,2,2,"0.406412478336222","0",1
"14845","Gulpen",1888-03-06,"algemeen","KD104","","G. Smeets",514,1888-03-06,1741,1248,2,2,"0.411858974358974","0",1
"14396","Ommen",1888-03-06,"algemeen","KD85","","G.J. van der Wijck",844,1888-03-06,2326,1986,2,2,"0.424974823766365","0",1
"14262","Lochem",1888-03-06,"algemeen","KD86","","J.G. ridder van Rappard",1394,1888-03-06,3242,2858,2,2,"0.487753673897831","0",1
"12478","Bergen op Zoom",1888-03-06,"algemeen","KD63","","W.H.B. Wilkens",1014,1888-03-06,2860,2355,4,1,"0.430573248407643","0",NA
"10822","Zierikzee",1888-03-06,"algemeen","KD52","","D.P.D. Fabius",1351,1888-03-06,3457,3155,2,2,"0.428209191759113","0",1
"5097","Gorinchem",1888-03-06,"algemeen","KD41","","J.J. van Tienhoven van den Boogaard",1423,1888-03-06,3441,3103,2,2,"0.458588462777957","0",1
"4210","Dordrecht",1888-03-06,"algemeen","KD42","","R. van der Borch van Verwolde",1255,1888-03-06,2864,2568,3,1,"0.488707165109034","0",NA
"507","Alkmaar",1887-10-25,"tussentijds","KD34","","C. Hartsen",988,1887-09-01,4165,2313,2,2,"0.427150886294855","0",1
"11512","Haarlemmermeer",1886-06-29,"herstemming","KD76","","H.F. Bultman",685,1886-06-15,1761,1531,2,2,"0.447419986936643","0",1
"8815","Steenwijk",1884-10-28,"algemeen","KD70","","A.J. Dijckmeester",574,1884-10-28,1631,1300,2,2,"0.441538461538462","0",1
"893","Almelo",1884-05-20,"herstemming","KD15","","E.J.I. van Sonsbeeck",1135,1883-06-12,2494,2312,2,2,"0.490916955017301","0",1
"883","Almelo",1884-05-06,"tussentijds","KD15","","E.J.I. van Sonsbeeck",913,1883-06-12,2494,2045,3,2,"0.446454767726161","0",NA
"3221","Delft",1883-06-26,"herstemming","KD45","","A.E.J. Modderman",1385,1883-06-12,3386,2853,2,2,"0.485453908166842","0",1
"9939","Zwolle",1883-06-12,"periodiek","KD12","","S.J. van Roijen",1071,1883-06-12,3016,2555,2,2,"0.419178082191781","0",1
"9577","Zutphen",1883-06-12,"periodiek","KD19","","H.B. van Tets",1558,1883-06-12,3387,3128,2,2,"0.498081841432225","0",1
"8804","Steenwijk",1883-06-12,"periodiek","KD70","","A.J. Dijckmeester",657,1883-06-12,1646,1433,2,2,"0.458478715980461","0",1
"7311","Middelburg",1883-06-12,"periodiek","KD51","","P.C.'t Hooft",1250,1883-06-12,2701,2195,2,1,"0.569476082004556","0",1
"7306","Middelburg",1883-06-12,"periodiek","KD51","","W.J. Snouck Hurgronje",940,1883-06-12,2701,2195,2,2,"0.428246013667426","0",1
"2123","Appingedam",1883-06-12,"periodiek","KD3","","J.G. Nederhoed",644,1883-06-12,3346,1566,3,2,"0.411238825031928","0",1
"9570","Zutphen",1882-12-05,"tussentijds","KD19","","H.B. van Tets",1358,1881-06-14,3369,2783,2,2,"0.48796263025512","0",1
"11848","Hilversum",1882-05-09,"tussentijds","KD77","","J.F.H. Bekhuis",550,1881-06-14,2109,1312,2,2,"0.419207317073171","0",1
"7302","Middelburg",1882-01-03,"tussentijds","KD51","","P.C.'t Hooft",1228,1881-06-14,2697,2338,2,1,"0.525235243798118","0",1
"7298","Middelburg",1881-11-29,"tussentijds","KD51","","P.C.'t Hooft",968,1881-06-14,2697,1962,2,2,"0.493374108053007","0",1
"12049","Zevenbergen",1881-06-28,"herstemming","KD62","","L. van Rijckevorsel",838,1881-06-14,2134,1732,2,2,"0.483833718244804","0",1
"10976","Zuidhorn",1881-06-14,"periodiek","KD69","","B.J. Gratama",272,1881-06-14,1483,653,2,2,"0.416539050535988","0",1
"8224","Rotterdam",1881-06-14,"periodiek","KD73","","G.P. Ittmann",922,1881-06-14,3642,1938,5,3,"0.475748194014448","0",1
"5351","Gouda",1881-06-14,"periodiek","KD40","","A.A. van Bergen Ijzendoorn",1243,1881-06-14,3806,2895,2,2,"0.429360967184801","0",1
"4171","Dordrecht",1881-06-14,"periodiek","KD42","","I. Esser",622,1881-06-14,2411,1315,2,2,"0.473003802281369","0",1
"3860","Dokkum",1881-06-14,"periodiek","KD8","","B.J. Gratama",924,1881-06-14,2774,1946,2,2,"0.474820143884892","0",1
"5037","Gorinchem",1880-09-23,"tussentijds","KD41","","J.A.A. Waldorp",920,1879-06-10,3654,2181,2,2,"0.421824850985786","0",1
"8218","Rotterdam",1880-09-07,"herstemming","KD73","","M.L. van Deventer",985,1879-06-10,3551,2083,2,2,"0.472875660105617","0",1
"6982","Maastricht",1880-02-03,"tussentijds","KD64","","A.L.E. Roberti",917,1879-06-10,2560,1975,2,2,"0.464303797468354","0",1
"11483","Haarlemmermeer",1879-06-24,"herstemming","KD76","","H.F. Bultman",622,1879-06-10,1493,1295,2,2,"0.48030888030888","0",1
"4714","Goes",1879-06-24,"herstemming","KD53","","W.A. van Hoek",755,1879-06-10,2656,1771,2,2,"0.426312817617165","0",1
"5024","Gorinchem",1879-06-10,"periodiek","KD41","","G.J.G. Klerck",821,1879-06-10,3594,1956,2,2,"0.419734151329243","0",1
"854","Almelo",1879-06-10,"periodiek","KD15","","H.P. Gelderman",747,1879-06-10,2285,1773,3,2,"0.421319796954315","0",1
"4148","Dordrecht",1879-05-06,"herstemming","KD42","","G.A. Loeff",522,1877-06-12,2236,1204,2,2,"0.433554817275748","0",1
"11220","Winschoten",1878-03-12,"herstemming","KD4","","D. Mulder Dzn.",748,1877-06-12,2558,1594,2,2,"0.469259723964868","0",1
"3180","Delft",1877-06-26,"herstemming","KD45","","S. Gille Heringa",1060,1877-06-12,3175,2476,2,2,"0.4281098546042","0",1
"11199","Winschoten",1877-06-12,"periodiek","KD4","","J. Freseman Viëtor",308,1877-06-12,1390,719,3,2,"0.428372739916551","0",1
"7277","Middelburg",1877-06-12,"periodiek","KD51","","J. Wolbers",854,1877-06-12,2920,2076,2,2,"0.411368015414258","0",1
"6651","Leiden",1877-06-12,"periodiek","KD38","","H.A. Neeb",926,1877-06-12,2969,2057,2,2,"0.45017015070491","0",1
"5324","Gouda",1877-06-12,"tussentijds","KD40","","T.C.L. Wijnmalen",1092,1877-06-12,3717,2238,4,8,"0.487935656836461","0",1
"5319","Gouda",1877-06-12,"periodiek","KD40","","T.C.L. Wijnmalen",1092,1877-06-12,3717,2253,4,8,"0.484687083888149","0",1
"3167","Delft",1875-06-22,"herstemming","KD45","","C.J. Vaillant",1117,1875-06-08,2995,2498,2,2,"0.447157726180945","0",1
"827","Almelo",1875-06-22,"herstemming","KD15","","S.J. baron van Pallandt",1021,1875-06-08,2281,2098,2,2,"0.486653956148713","0",1
"8499","Sneek",1875-06-08,"periodiek","KD10","","J. Binkes",1593,1875-06-08,4309,3769,2,2,"0.422658530114089","0",1
"4685","Goes",1875-06-08,"periodiek","KD53","","M.J. de Witt Hamer",531,1875-06-08,1601,1264,2,2,"0.420094936708861","0",1
"3826","Dokkum",1875-06-08,"periodiek","KD8","","B.J. Gratama",891,1875-06-08,2608,2202,2,2,"0.404632152588556","0",1
"5960","Hoorn",1874-10-27,"herstemming","KD35","","C. Bloem",1395,1873-06-10,3802,3055,2,2,"0.456628477905074","0",1
"5947","Hoorn",1874-10-13,"tussentijds","KD35","","C. Bloem",991,1873-06-10,3802,2224,4,2,"0.445593525179856","0",NA
"3148","Delft",1873-06-24,"herstemming","KD45","","C.J. Vaillant",986,1873-06-10,2874,2173,2,2,"0.453750575241601","0",1
"6628","Leiden",1873-04-01,"herstemming","KD38","","H.A. Neeb",709,1871-06-13,2792,1687,2,2,"0.420272673384707","0",1
"9252","Utrecht",1871-06-27,"herstemming","KD25","","W.R. Boer",571,1871-06-13,2818,1389,2,2,"0.411087113030958","0",1
"1508","Amsterdam",1871-06-27,"herstemming","KD72","","J.P. de Bordes",994,1871-06-13,3959,2011,2,2,"0.494281452013923","0",1
"9240","Utrecht",1871-06-13,"periodiek","KD25","","W.R. Boer",563,1871-06-13,2818,1254,3,1,"0.44896331738437","0",NA
"359","Alkmaar",1870-10-25,"tussentijds","KD34","","H.G.C.L. Janssens",914,1869-06-08,3154,2011,2,2,"0.454500248632521","0",1
"1490","Amsterdam",1870-02-08,"tussentijds","KD72","","T.M.C. Asser",939,1869-06-08,3964,2049,3,2,"0.458272327964861","0",1
"10946","Zuidhorn",1869-06-22,"herstemming","KD69","","H.W. Wierda",304,1869-06-08,1417,667,2,2,"0.455772113943028","0",1
"6604","Leiden",1869-06-22,"herstemming","KD38","","H.A. Neeb",835,1869-06-08,2704,2065,2,2,"0.404358353510896","0",1
"10449","Haarlem",1869-06-08,"periodiek","KD33","","A. van Lennep",568,1869-06-08,2426,1392,2,2,"0.408045977011494","0",1
"6597","Leiden",1869-06-08,"periodiek","KD38","","H.A. Neeb",797,1869-06-08,2704,1985,3,1,"0.401511335012594","0",NA
"5236","Gouda",1869-06-08,"periodiek","KD40","","J. Bosscha jr.",1066,1869-06-08,3200,2397,3,2,"0.444722569879015","0",NA
"784","Almelo",1868-02-04,"herstemming","KD15","","G.A. Vos de Wael",826,1868-01-22,1974,1701,2,2,"0.48559670781893","0",1
"9216","Utrecht",1866-11-13,"herstemming","KD25","","H. Verloren van Themaat",763,1866-10-30,2944,1631,2,2,"0.467811158798283","0",1
"5909","Hoorn",1866-11-13,"herstemming","KD35","","W. Terpstra",1101,1866-10-30,3489,2252,2,2,"0.488898756660746","0",1
"761","Almelo",1866-11-13,"herstemming","KD15","","G.A. Vos de Wael",740,1866-10-30,1844,1627,4,3,"0.454824830977259","0",1
"9195","Utrecht",1866-06-26,"herstemming","KD25","","W.R. Boer",574,1866-06-12,2944,1214,2,2,"0.472817133443163","0",1
"6216","Leeuwarden",1866-06-12,"periodiek","KD7","","A. van Assen",681,1866-06-12,3063,1603,3,2,"0.424828446662508","0",1
"6202","Leeuwarden",1865-11-29,"herstemming","KD7","","A. van Assen",741,1864-06-14,3063,1561,2,2,"0.474695707879564","0",1
"11151","Winschoten",1864-08-02,"herstemming","KD4","","T. Borgesius",216,1864-06-14,1175,514,2,2,"0.420233463035019","0",1
"5186","Gouda",1864-06-14,"periodiek","KD40","","J.B.L. Wentholt",1001,1864-06-14,3414,2373,3,2,"0.421828908554572","0",1
"2284","Arnhem",1864-06-14,"periodiek","KD17","","J.F. Pringle",738,1864-06-14,2794,1781,2,2,"0.414373947220663","0",1
"9803","Zwolle",1864-04-05,"herstemming","KD12","","H.J.A. Raedt van Oldenbarnevelt",711,1862-06-10,3159,1689,2,2,"0.420959147424512","0",1
"8936","Tilburg",1864-02-03,"herstemming","KD57","","D. Mulder",858,1862-06-10,3081,1946,2,2,"0.440904419321686","0",1
"7176","Middelburg",1862-06-24,"herstemming","KD51","","W.P. Vis",566,1862-06-10,2556,1182,2,2,"0.478849407783418","0",1
"1040","Amersfoort",1862-06-24,"herstemming","KD26","","H. Verloren van Themaat",698,1862-06-10,2801,1671,2,2,"0.41771394374626","0",1
"1029","Amersfoort",1862-06-10,"periodiek","KD26","","H. Verloren van Themaat",527,1862-06-10,2801,1264,4,2,"0.416930379746835","0",NA
"6169","Leeuwarden",1860-10-30,"tussentijds","KD7","","J. Hessels Tacoma",786,1860-06-12,2946,1656,2,2,"0.47463768115942","0",1
"4863","Gorinchem",1860-06-26,"herstemming","KD41","","A.J. Korteweg",805,1860-06-12,2868,1690,2,2,"0.476331360946746","0",1
"8397","Sneek",1860-06-12,"periodiek","KD10","","L. Britzel",378,1860-06-12,2759,850,2,2,"0.444705882352941","0",1
"6162","Leeuwarden",1860-06-12,"periodiek","KD7","","J. Hessels Tacoma",500,1860-06-12,2946,1039,2,2,"0.481231953801732","0",NA
"4857","Gorinchem",1860-06-12,"periodiek","KD41","","A.J. Korteweg",641,1860-06-12,2868,1592,3,1,"0.402638190954774","0",NA
"3040","Delft",1860-06-12,"periodiek","KD45","","H.G.C.L. Janssens",606,1860-06-12,2859,1404,3,2,"0.431623931623932","0",NA
